"team_market.x","Poll_Ranking_1","Poll_Ranking_2","Poll_Ranking_3","Poll_Ranking_4","Poll_Ranking_5","Poll_Ranking_6","Poll_Ranking_7","Poll_Ranking_8","Poll_Ranking_9","Poll_Ranking_10","Poll_Ranking_11","Poll_Ranking_12","Poll_Ranking_13","Poll_Ranking_14","Poll_Ranking_15","Poll_Ranking_16","Poll_Ranking_17","Poll_Ranking_18","Poll_Ranking_19","Poll_Rating_1","Poll_Rating_2","Poll_Rating_3","Poll_Rating_4","Poll_Rating_5","Poll_Rating_6","Poll_Rating_7","Poll_Rating_8","Poll_Rating_9","Poll_Rating_10","Poll_Rating_11","Poll_Rating_12","Poll_Rating_13","Poll_Rating_14","Poll_Rating_15","Poll_Rating_16","Poll_Rating_17","Poll_Rating_18","Poll_Rating_19","number_matches","wins","draws","losses","total_goals"
"Pittsburgh",1,1,7,6,15,15,26,25,24,24,105,78,93,100,84,89,91,87,83,1.34165109525056,1.67085374678082,0.71040615527176,1.03773051577685,0.62988532537606,0.62988532537606,0.0986575527173188,0.0986575527173188,0.0986575527173188,0.0986575527173188,0.0986575527173188,0.454811143668216,0.454811143668216,0.454811143668216,0.610996331442849,0.610996331442849,0.610996331442849,0.610996331442849,0.610996331442849,16,11,0,5,37
"Clemson",2,3,17,14,12,11,12,16,17,17,20,15,17,19,26,21,15,18,25,1.04418803978702,1.04418803978702,0.416036727555797,0.57245251402779,0.818057305681609,0.818057305681609,0.839997665794492,0.574615676599165,0.574615676599165,0.574615676599165,1.06393560713017,1.22870221559875,1.22870221559875,1.31538813941886,1.31538813941886,1.41425839139353,1.69561663877616,1.69561663877616,1.48542510461497,19,12,2,5,33
"Arkansas St.",3,2,1,1,5,3,3,6,6,6,6,7,29,68,72,99,101,99,96,0.821148401157563,1.09570238069191,1.33630979907521,1.42181820905528,1.07274184367946,1.46945902331757,1.46945902331757,1.47066416348839,1.47066416348839,1.47066416348839,1.47066416348839,1.52935560937101,0.987134682895049,0.70385751630027,0.70385751630027,0.500957686329755,0.500957686329755,0.500957686329755,0.500957686329755,17,11,1,5,25
"Florida St.",4,8,2,2,1,1,1,1,1,1,1,1,1,1,1,1,1,1,1,0.689362162539614,0.689362162539614,1.25110750379406,1.25110750379406,1.91958040552058,1.91958040552058,2.20465613977458,2.31306359369841,2.78603981969921,2.78603981969921,2.78603981969921,2.78603981969921,2.78603981969921,2.78603981969921,2.78603981969921,2.78603981969921,2.78603981969921,2.78603981969921,3.31542746508586,16,13,3,0,41
"West Virginia",5,12,12,9,8,9,9,10,11,11,28,17,20,23,17,13,18,19,26,0.633611442347414,0.417642987030505,0.56307695447872,0.773367075058152,0.931129039056818,1.03251965638886,1.16477634624243,0.975548638133526,0.975548638133526,0.975548638133526,0.975548638133526,1.20628072624985,1.20628072624985,1.20628072624985,1.43959905267873,1.65233768548782,1.65233768548782,1.65233768548782,1.46624960211503,14,10,1,3,24
"Oklahoma St.",6,4,6,16,23,16,15,14,12,13,22,10,9,5,7,26,25,26,14,0.626501575620721,0.84247003093763,0.84247003093763,0.523310331913788,0.276880245881735,0.578846209480107,0.711723725230898,0.711723725230898,0.809388237844994,0.809388237844994,1.00284703872724,1.33974725244542,1.56789974869445,1.77291911441352,1.79254475682595,1.33325000138485,1.48984098042039,1.48984098042039,1.86836276496436,18,13,2,3,40
"SFA",7,9,20,23,21,20,19,18,19,19,10,28,53,89,91,57,47,80,77,0.592680162740634,0.592680162740634,0.357870040364378,0.357870040364378,0.357870040364378,0.357870040364378,0.357870040364378,0.357870040364378,0.357870040364378,0.357870040364378,1.22428872462579,1.03751013104057,0.741263623151831,0.564585971392833,0.564585971392833,0.958252542102975,1.12710589582408,0.71205459522194,0.71205459522194,18,10,3,5,29
"Texas A&M",8,10,22,17,11,7,5,5,5,9,16,21,43,37,44,44,29,28,18,0.493166985101586,0.493166985101586,0.29877714047315,0.508822682768521,0.863452021031904,1.14452528198735,1.31508272652454,1.49999062008598,1.58457220083489,1.12193029141373,1.12193029141373,1.12193029141373,0.826480723044453,1.02102253104614,1.09725592864614,1.09725592864614,1.41181193284579,1.41181193284579,1.76541501104184,17,12,1,4,33
"Coastal Carolina",9,14,14,19,22,31,25,35,34,34,215,209,212,250,239,236,237,235,235,0.462844598426211,0.357935136790433,0.481010101939346,0.427744371711669,0.318149379940481,-0.0345926404493762,0.0988304799686778,-0.212974185048457,-0.212974185048457,-0.212974185048457,-0.602737560624144,-0.371487718409789,-0.371487718409789,-0.731170045636985,-0.731170045636985,-0.731170045636985,-0.731170045636985,-0.731170045636985,-0.731170045636985,15,7,0,8,18
"North Carolina",10,5,3,3,2,2,2,2,2,2,2,2,2,2,2,2,2,2,2,0.46033364572664,0.838454064236075,1.17167673999187,1.17167673999187,1.46539577006801,1.62597296846652,1.96110436794515,2.05982143629372,2.08512838047446,2.08512838047446,2.08512838047446,2.08512838047446,2.08512838047446,2.3124711181629,2.69804484085556,2.72087705498738,2.72087705498738,2.72087705498738,2.79860066430113,19,17,0,2,43
"TCU",11,15,13,8,7,4,4,4,4,5,4,5,6,9,11,3,13,12,9,0.32517808807657,0.32517808807657,0.484529598094607,0.803689297118448,0.958486050254733,1.36600827541351,1.43385623342278,1.62308394153169,1.62308394153169,1.62308394153169,1.62308394153169,1.62308394153169,1.62308394153169,1.64696596528367,1.64696596528367,2.10626072072477,1.79170471652512,1.89844917078022,2.1428808823596,16,12,2,2,30
"Alabama",12,16,27,35,44,45,48,41,48,48,203,163,216,133,169,176,178,179,179,0.304437624024668,0.304437624024668,0.0589814205391298,-0.142286517258089,-0.61034029770671,-0.61034029770671,-0.780897742243897,-0.387148076074227,-0.855720197902536,-0.855720197902536,-0.492062667745015,-0.0978542739575052,-0.393130505238233,0.196760458150963,-0.0340510276669349,-0.132921279641602,-0.132921279641602,-0.132921279641602,-0.132921279641602,15,5,2,8,17
"Arkansas",13,7,5,5,13,10,10,8,7,7,23,31,27,20,29,30,39,38,33,0.304437624024668,0.708168988732792,0.902558833361228,1.10382677115845,0.767212327421666,0.96046227527164,1.12988171348601,1.2921713488897,1.43365684065007,1.23958794858766,1.00191780961283,1.00191780961283,1.00191780961283,1.28519497620761,1.28519497620761,1.28519497620761,1.28519497620761,1.28519497620761,1.3362971807007,16,12,0,4,37
"Duke",14,35,26,21,10,14,16,11,16,16,38,19,22,17,41,23,31,29,17,0.284730091603837,-0.0933903269055983,0.201538309569836,0.405799658293849,0.886449474506291,0.725872276107777,0.685616776963604,0.950998766158932,0.703073275818672,0.703073275818672,0.703073275818672,1.17947605925667,1.17947605925667,1.38882626365791,1.15550793722902,1.38235562645446,1.38235562645446,1.38235562645446,1.78660178180503,21,12,4,5,32
"Kansas",15,11,10,26,19,26,31,30,22,22,98,74,90,96,102,104,102,142,142,0.284730091603837,0.472471748289412,0.640492577757881,0.20910603207308,0.455536118105133,0.123534907396536,-0.00872178245704142,-0.00872178245704142,0.151363325947317,0.151363325947317,0.151363325947317,0.485096602777172,0.485096602777172,0.485096602777172,0.485096602777172,0.485096602777172,0.485096602777172,0.181548444119173,0.181548444119173,13,6,3,4,13
"The Citadel",16,32,31,25,20,19,18,17,18,18,81,192,241,249,264,253,259,259,259,0.284730091603837,-0.044472559926421,-0.044472559926421,0.238465781825993,0.432960020632163,0.432960020632163,0.432960020632163,0.432960020632163,0.432960020632163,0.432960020632163,0.253993817813864,-0.280086539858298,-0.599107143075103,-0.727778927751271,-0.95360016356732,-0.95360016356732,-0.95360016356732,-0.95360016356732,-0.95360016356732,17,5,3,9,18
"Lamar University",17,17,24,24,25,23,22,20,20,20,62,42,35,13,14,77,111,116,115,0.256508576187868,0.256508576187868,0.256508576187868,0.256508576187868,0.256508576187868,0.256508576187868,0.256508576187868,0.256508576187868,0.256508576187868,0.256508576187868,0.381010324304592,0.828020462134596,0.925617283969162,1.48352522212174,1.48352522212174,0.711069217445312,0.387136287657308,0.387136287657308,0.387136287657308,12,8,0,4,24
"Georgia",18,19,19,20,27,33,39,40,43,43,190,250,260,263,253,195,161,161,161,0.215269908396163,0.215269908396163,0.406047096648654,0.406047096648654,0.0985890158407171,-0.144912915584944,-0.380765464053559,-0.380765464053559,-0.600445860856506,-0.600445860856506,-0.383487179367121,-0.61953786486358,-0.745547171521466,-0.832233095341582,-0.832233095341582,-0.288906581219205,0.0233684624854967,0.0233684624854967,0.0233684624854967,15,5,3,7,18
"Vanderbilt",19,33,39,42,35,27,20,27,13,4,3,4,4,7,23,25,33,31,42,0.215269908396163,-0.0516356795093063,-0.302445568458688,-0.523907890764879,-0.186246486515655,0.0572554449100069,0.347874497315459,0.018787805541544,0.790798969049393,1.66235658621107,1.66235658621107,1.66235658621107,1.71439508602839,1.71439508602839,1.37688190565984,1.37688190565984,1.37688190565984,1.37688190565984,1.10660313273969,16,9,1,6,30
"Louisville",20,20,8,10,16,24,27,36,35,35,158,130,139,174,194,189,191,192,192,0.199120898900486,0.199120898900486,0.709416706463859,0.709416706463859,0.59905941595477,0.251897867628088,0.0367165309223319,-0.229203034290975,-0.229203034290975,-0.229203034290975,-0.229203034290975,0.109470325098572,0.109470325098572,-0.137208328301917,-0.260264380458521,-0.260264380458521,-0.260264380458521,-0.260264380458521,-0.260264380458521,12,5,0,7,12
"Notre Dame",21,22,11,13,33,21,24,26,26,26,109,135,84,66,70,78,96,108,106,0.112508797856202,0.112508797856202,0.590765831017891,0.590765831017891,-0.0672244582496776,0.279937090077005,0.159987027304133,0.0515795733803032,0.0515795733803032,0.0515795733803032,0.0515795733803032,0.0515795733803032,0.496584333019978,0.709547974993006,0.709547974993006,0.709547974993006,0.552956995957465,0.446212541702371,0.446212541702371,13,6,0,7,18
"Central Ark.",22,13,4,18,4,5,6,9,8,8,9,102,73,171,176,199,226,225,225,0.103440752198786,0.395129167021154,0.929579637926421,0.495926597831067,1.08270469947404,1.23958774939418,1.23958774939418,1.23958774939418,1.23958774939418,1.23958774939418,1.26586936781506,0.291045658564214,0.570461116276209,-0.107670756939037,-0.107670756939037,-0.333728131524295,-0.620553414238081,-0.620553414238081,-0.620553414238081,23,12,2,9,38
"South Alabama",23,6,15,12,17,6,8,3,3,3,12,18,21,83,85,134,158,160,167,0.0172653868534906,0.730372514987419,0.464663781401257,0.604951645326307,0.489063637027044,1.18166533336339,1.18166533336339,1.86806512112494,1.86806512112494,1.86806512112494,1.19891720914366,1.19891720914366,1.19891720914366,0.609026245754464,0.609026245754464,0.296336436868087,0.0422728089783911,0.0422728089783911,-0.0181004633124247,22,12,1,9,43
"Virginia",24,18,9,11,14,13,11,7,10,10,13,9,10,15,18,36,44,43,4,0.00437853012518286,0.220817793710519,0.662082808977901,0.662082808977901,0.76123100526884,0.76123100526884,1.04513335361335,1.31105291882666,1.06069523898537,1.06069523898537,1.18959192393661,1.41379774770081,1.41379774770081,1.41379774770081,1.41379774770081,1.20105911489172,1.20105911489172,1.20105911489172,2.77207969542271,21,14,3,4,40
"Auburn",25,25,28,27,18,17,17,32,28,28,50,86,89,63,55,32,40,20,19,0,0,0,0.171735947316204,0.479194028124141,0.479194028124141,0.464651348731225,-0.0755854024872102,0.00260950255536535,0.00260950255536535,0.531530691039632,0.366764082571055,0.492773389228942,0.73945204262943,0.970263528447328,1.2829533373337,1.2829533373337,1.6521876919843,1.6521876919843,18,10,3,5,27
"Baylor",26,41,37,28,29,22,28,24,23,23,101,124,135,169,114,178,168,170,171,0,-0.268524481858255,-0.268524481858255,0.162862063826546,0.00510009982788018,0.278492607950561,0.0313463003830976,0.134906151020587,0.134906151020587,0.134906151020587,0.134906151020587,0.134906151020587,0.134906151020587,-0.0925491847214208,0.362544203566011,-0.164114290191125,-0.0280123780104442,-0.0280123780104442,-0.0280123780104442,13,5,3,5,16
"Houston Christian",27,27,29,31,31,30,30,29,29,29,249,283,263,292,291,265,273,272,272,0,0,0,0,0,0,0,0,0,0,-1.22113103900629,-1.05612419961489,-0.781090068115697,-1.21040644295038,-1.28799751325282,-1.08418157373945,-1.08418157373945,-1.08418157373945,-1.08418157373945,15,3,2,10,14
"Mississippi St.",28,28,23,22,28,28,36,37,47,47,168,191,118,98,106,107,104,104,101,0,0,0.265932807122312,0.401112061325399,0.0464827230620156,0.0464827230620156,-0.129981226911051,-0.292270862314737,-0.73047287740074,-0.73047287740074,-0.277448114107414,-0.277448114107414,0.264772812368545,0.475384995853192,0.475384995853192,0.475384995853192,0.475384995853192,0.475384995853192,0.475384995853192,12,5,3,4,14
"Texas Tech",29,38,35,41,43,35,42,34,42,42,214,244,194,212,208,204,205,204,204,0,-0.187741656685575,-0.187741656685575,-0.398031777265008,-0.552828530401292,-0.322558882511971,-0.455436398262763,-0.174672387723574,-0.555786961926827,-0.555786961926827,-0.555786961926827,-0.555786961926827,-0.260510730646099,-0.397687277587175,-0.397687277587175,-0.397687277587175,-0.397687277587175,-0.397687277587175,-0.397687277587175,11,3,2,6,7
"Georgia St.",30,23,16,7,6,18,14,13,14,14,36,46,52,62,67,72,77,75,74,-0.0175163430500875,0.0980217762754788,0.449715419207485,0.858055760766896,0.967367978851264,0.4655119371874,0.738934751135614,0.747169887294516,0.747169887294516,0.747169887294516,0.747169887294516,0.747169887294516,0.747169887294516,0.747169887294516,0.747169887294516,0.747169887294516,0.747169887294516,0.747169887294516,0.747169887294516,15,10,2,3,25
"Abilene Christian",31,31,30,37,38,37,37,38,37,37,205,224,149,148,144,79,30,50,45,-0.043153686595401,-0.043153686595401,-0.043153686595401,-0.353275360945079,-0.353275360945079,-0.353275360945079,-0.353275360945079,-0.353275360945079,-0.353275360945079,-0.353275360945079,-0.499893975456793,-0.45445656958807,0.0246339207015784,0.0246339207015784,0.101803735952628,0.70902702958254,1.39253714446316,1.06790543972111,1.06790543972111,17,9,2,6,24
"Louisiana",32,29,18,4,3,12,13,15,15,15,137,165,177,183,233,230,232,231,231,-0.128535489933773,-0.00688042532412542,0.416008647382385,1.13748673901725,1.21224599018425,0.81552881054615,0.81552881054615,0.703705288880673,0.703705288880673,0.703705288880673,-0.112977004570175,-0.112977004570175,-0.112977004570175,-0.212840192025228,-0.66793358031266,-0.66793358031266,-0.66793358031266,-0.66793358031266,-0.66793358031266,20,10,1,9,26
"Navy",33,36,34,39,40,46,43,44,44,44,232,272,275,266,215,156,149,124,124,-0.17033040174747,-0.17033040174747,-0.17033040174747,-0.388023441851961,-0.388023441851961,-0.629452049854256,-0.629452049854256,-0.629452049854256,-0.629452049854256,-0.629452049854256,-0.851671165653253,-0.851671165653253,-0.851671165653253,-0.851671165653253,-0.455353740819424,0.10617661953003,0.10617661953003,0.333174245696289,0.333174245696289,11,4,3,4,11
"Syracuse",34,37,48,46,57,57,57,57,56,56,251,294,302,298,295,292,289,289,289,-0.177338635713048,-0.177338635713048,-0.676925821143889,-0.676925821143889,-1.13209472331287,-1.50477387910527,-1.40345854550849,-1.40345854550849,-1.40345854550849,-1.40345854550849,-1.40345854550849,-1.40345854550849,-1.40345854550849,-1.40345854550849,-1.40345854550849,-1.40345854550849,-1.40345854550849,-1.40345854550849,-1.40345854550849,8,1,0,7,5
"Kentucky",35,47,49,48,50,51,50,47,50,50,238,281,285,280,282,278,278,276,276,-0.215269908396163,-0.619001273104288,-0.759186103555386,-0.759186103555386,-0.759186103555386,-0.759186103555386,-1.06913943007888,-0.716501755678911,-1.02327489716649,-1.02327489716649,-1.02327489716649,-1.02327489716649,-1.02327489716649,-1.02327489716649,-1.17946008494112,-1.17946008494112,-1.17946008494112,-1.17946008494112,-1.17946008494112,10,1,3,6,16
"Little Rock",36,24,41,40,46,48,38,39,38,38,213,249,244,231,230,226,225,224,224,-0.215269908396163,0.0138585548084251,-0.404291685455656,-0.390117435127302,-0.665915562333362,-0.665915562333362,-0.362220370919144,-0.362220370919144,-0.362220370919144,-0.362220370919144,-0.55567917180139,-0.614370617684011,-0.614370617684011,-0.614370617684011,-0.614370617684011,-0.614370617684011,-0.614370617684011,-0.614370617684011,-0.614370617684011,14,4,3,7,11
"South Carolina",37,21,21,15,9,8,7,12,9,12,30,36,33,33,22,24,51,48,38,-0.215269908396163,0.194486155583384,0.334670986034482,0.556133308340674,0.892747752077454,1.04824717736815,1.22471112734122,0.888419965599899,1.07934842291151,0.864501607233399,0.864501607233399,0.949319583497351,0.949319583497351,1.09965170632332,1.37997866469807,1.37997866469807,1.09862041731544,1.09862041731544,1.19064106273699,16,11,0,5,30
"Troy",38,49,55,53,53,56,52,55,55,55,198,222,220,238,232,229,230,229,229,-0.237018976107964,-0.703050185412292,-1.04760032963057,-1.18788819355562,-1.06355534417272,-1.44459317590533,-1.10862119335874,-1.30740871331579,-1.30740871331579,-1.30740871331579,-0.446412134215369,-0.446412134215369,-0.446412134215369,-0.657024317700016,-0.657024317700016,-0.657024317700016,-0.657024317700016,-0.657024317700016,-0.657024317700016,15,4,1,10,13
"Mercer",39,34,32,36,47,49,45,45,45,45,236,253,202,147,191,161,181,184,184,-0.284730091603837,-0.0627004780093815,-0.0627004780093815,-0.345638819761796,-0.694488488226591,-0.694488488226591,-0.694488488226591,-0.694488488226591,-0.694488488226591,-0.694488488226591,-0.907379897809627,-0.636542355831599,-0.317521752614794,0.0532195043661788,-0.236818890384042,0.060883204237187,-0.149766576655994,-0.149766576655994,-0.149766576655994,18,7,1,10,23
"LSU",40,45,47,47,49,50,54,52,41,41,79,61,59,34,45,45,52,49,44,-0.304437624024668,-0.607525358313719,-0.607525358313719,-0.742704612516805,-0.742704612516805,-0.742704612516805,-1.18820042374371,-1.22662123225639,-0.499545860357496,-0.499545860357496,0.266824090281637,0.535659838264072,0.71143393508147,1.07606581776455,1.07606581776455,1.07606581776455,1.07606581776455,1.07606581776455,1.07606581776455,18,8,3,7,20
"Tennessee",41,30,36,32,32,34,32,19,30,30,15,13,16,55,105,106,103,102,99,-0.304437624024668,-0.0375320361191983,-0.228309224371689,-0.00620713248780846,-0.00620713248780846,-0.287280393443256,-0.0193988615395991,0.316892300201721,-0.0169168482201242,-0.0169168482201242,1.13370398437187,1.2512584941417,1.2512584941417,0.864259024115827,0.47868530142317,0.47868530142317,0.47868530142317,0.47868530142317,0.47868530142317,15,8,1,6,30
"ULM",42,52,56,56,58,58,58,58,58,58,241,285,248,272,228,225,224,223,223,-0.388914066202831,-0.993331975276352,-1.40968446020706,-1.71168376207492,-1.78644301324192,-1.95613457755722,-2.18812952197848,-2.18812952197848,-2.18812952197848,-2.18812952197848,-1.07062604155393,-1.07062604155393,-0.645470287405616,-0.929882457994477,-0.595513372930103,-0.595513372930103,-0.595513372930103,-0.595513372930103,-0.595513372930103,16,4,0,12,18
"Ole Miss",43,39,43,45,34,36,35,21,33,33,56,48,60,65,62,49,38,37,46,-0.493166985101586,-0.190079250812535,-0.456012057934847,-0.627748005251052,-0.159694224802431,-0.352944172652404,-0.11709162418379,0.211995067590126,-0.131089763229366,-0.131089763229366,0.475257825151926,0.711308510648385,0.711308510648385,0.711308510648385,0.830584141104855,1.03348397107537,1.28754759896507,1.28754759896507,1.06504165421017,18,10,2,6,27
"App State",44,48,51,54,55,52,44,46,46,46,229,266,286,281,271,260,268,267,267,-0.523209358001362,-0.665375815195185,-0.788450780344097,-1.21347964559192,-1.11232949490436,-0.759587474514506,-0.63063095076141,-0.704055308213014,-0.704055308213014,-0.704055308213014,-0.788987230743639,-0.788987230743639,-1.02680682262639,-1.02680682262639,-1.02680682262639,-1.02680682262639,-1.02680682262639,-1.02680682262639,-1.02680682262639,18,6,1,11,12
"Iowa St.",45,40,42,34,41,47,53,51,52,52,245,288,293,284,277,271,244,242,242,-0.536003747681015,-0.26747926582276,-0.426830775840797,-0.127382743687432,-0.40097885777064,-0.631248505659961,-1.10984327235899,-1.10984327235899,-1.10984327235899,-1.10984327235899,-1.10984327235899,-1.10984327235899,-1.10984327235899,-1.10984327235899,-1.10984327235899,-1.10984327235899,-0.783345915062774,-0.783345915062774,-0.783345915062774,13,3,4,6,9
"Texas",46,43,44,33,24,32,23,33,32,32,135,121,131,134,88,42,49,46,43,-0.609908179680407,-0.334058867075163,-0.479492834523378,-0.0145239818874271,0.259072132195781,-0.0428938314025912,0.204252476164873,-0.0765115343743161,-0.0765115343743161,-0.0765115343743161,-0.0765115343743161,0.171697988323228,0.171697988323228,0.171697988323228,0.578798717816161,1.1054572115733,1.1054572115733,1.1054572115733,1.1054572115733,12,7,0,5,22
"Wake Forest",47,46,50,51,42,42,41,43,40,40,199,247,238,176,135,202,203,202,202,-0.609908179680407,-0.609908179680407,-0.770220923202819,-0.926636709674812,-0.514251212061063,-0.514251212061063,-0.454499758524877,-0.454499758524877,-0.454499758524877,-0.454499758524877,-0.454499758524877,-0.572054268294705,-0.572054268294705,-0.156948210643713,0.16760811069309,-0.375718403429286,-0.375718403429286,-0.375718403429286,-0.375718403429286,14,5,2,7,16
"Virginia Tech",48,51,46,49,45,40,21,22,21,21,97,84,98,67,71,59,64,96,92,-0.683722127562276,-0.900161391147612,-0.561844357202166,-0.766105705926179,-0.652055802622316,-0.410627194620022,0.259460492614465,0.160743424265899,0.160743424265899,0.160743424265899,0.160743424265899,0.400819148313007,0.400819148313007,0.707113231527882,0.707113231527882,0.911630322895963,0.911630322895963,0.54239596824537,0.54239596824537,17,8,0,9,31
"Kansas St.",49,50,52,55,51,55,46,48,36,36,184,258,253,241,234,232,265,285,285,-0.72410927028712,-0.72410927028712,-0.892130099755588,-1.35709895239154,-0.850069254838339,-1.1989827774112,-0.720388010712172,-0.720388010712172,-0.339273436508919,-0.339273436508919,-0.339273436508919,-0.673006713338774,-0.673006713338774,-0.673006713338774,-0.673006713338774,-0.673006713338774,-0.999504070634987,-1.30011622732108,-1.30011622732108,14,3,2,9,13
"Texas St.",50,53,53,52,48,44,49,49,49,49,243,291,299,296,297,293,290,290,290,-0.778151151902208,-1.09075916499964,-0.913999650529901,-0.999508060509977,-0.723709933303918,-0.554018368988622,-0.889990351535216,-0.889990351535216,-0.889990351535216,-0.889990351535216,-1.08678134278784,-1.33499086548538,-1.33499086548538,-1.33499086548538,-1.41122426308538,-1.41122426308538,-1.41122426308538,-1.41122426308538,-1.41122426308538,17,4,1,12,14
"Ga. Southern",51,54,54,50,56,53,56,53,54,54,233,273,294,285,287,284,283,281,281,-0.916100955164801,-1.25366868808482,-0.995103453212391,-0.925149199296302,-1.11964343810247,-0.929351261042351,-1.26343115220645,-1.26343115220645,-1.26343115220645,-1.26343115220645,-0.868388744230284,-0.868388744230284,-1.11986268609801,-1.11986268609801,-1.23913831655448,-1.23913831655448,-1.23913831655448,-1.23913831655448,-1.23913831655448,17,4,1,12,13
"Miami (FL)",52,55,57,57,59,59,59,59,59,59,256,303,306,308,310,310,308,308,308,-1.5009918592963,-1.5009918592963,-1.72155891473211,-1.72155891473211,-2.08502743514356,-2.08502743514356,-2.38190831137372,-2.38190831137372,-2.38190831137372,-2.38190831137372,-2.47613159136774,-2.47613159136774,-1.77684913354388,-1.77684913354388,-1.77684913354388,-1.92106516956606,-1.92106516956606,-1.92106516956606,-1.92106516956606,13,1,1,11,8
"Florida",NA,26,25,29,37,41,47,54,53,53,202,229,217,213,131,118,115,118,118,NA,0,0.245456203485538,0.0354106611901671,-0.302250743059058,-0.457750168349758,-0.725631700253415,-1.29364965204263,-1.12979618522841,-1.12979618522841,-0.478102137422847,-0.478102137422847,-0.40240229237252,-0.40240229237252,0.228324460085775,0.372540496107955,0.372540496107955,0.372540496107955,0.372540496107955,17,6,3,8,32
"Oklahoma",NA,42,38,43,54,54,55,56,57,57,255,298,305,307,309,305,307,296,296,NA,-0.275849312605244,-0.275849312605244,-0.575297344758608,-1.08232704231181,-1.18371765964385,-1.25156561765312,-1.35512546829061,-1.61287508930906,-1.61287508930906,-1.61287508930906,-1.68292922311205,-1.68292922311205,-1.70681124686404,-1.72643688927646,-1.72643688927646,-1.86253880145714,-1.56192664477105,-1.56192664477105,15,1,2,12,7
"Missouri",NA,44,33,38,39,38,34,23,25,25,71,177,185,214,209,206,208,177,177,NA,-0.409756063979547,-0.158946175030166,-0.381048266914046,-0.381048266914046,-0.381048266914046,-0.0710949403905485,0.144285336998695,0.0962765543604313,0.0962765543604313,0.302133526458565,-0.195457669388502,-0.195457669388502,-0.40842131136153,-0.40842131136153,-0.40842131136153,-0.40842131136153,-0.104873152703532,-0.104873152703532,14,6,3,5,24
"Louisiana Tech",NA,NA,40,30,30,29,29,28,27,27,165,158,188,185,189,208,235,233,233,NA,NA,-0.305393628893772,0.00472804545590677,0.00472804545590677,0.00472804545590677,0.00472804545590677,0.00472804545590677,0.00472804545590677,0.00472804545590677,-0.265233810083105,-0.0606960372302598,-0.212400249010392,-0.215845677324725,-0.215845677324725,-0.417955149297881,-0.724503929215845,-0.724503929215845,-0.724503929215845,11,4,0,7,10
"Boston College",NA,NA,45,44,52,43,51,50,51,51,244,287,296,299,238,205,207,228,228,NA,NA,-0.488965655294221,-0.598596975694818,-0.917796919814419,-0.545117764022019,-1.09882653306779,-1.09882653306779,-1.09882653306779,-1.09882653306779,-1.09882653306779,-1.09882653306779,-1.17858291353909,-1.44193166870173,-0.727567569686621,-0.406560026489716,-0.406560026489716,-0.651479851368858,-0.651479851368858,14,3,1,10,17
"UAB",NA,NA,NA,NA,26,25,33,31,31,31,19,27,56,58,107,137,113,117,117,NA,NA,NA,NA,0.239537450380428,0.239537450380428,-0.033885363567786,-0.033885363567786,-0.033885363567786,-0.033885363567786,1.06997584419483,1.06997584419483,0.728815831939877,0.829086550861971,0.457759347241797,0.26685613970903,0.376863933834127,0.376863933834127,0.376863933834127,14,7,1,6,27
"Missouri St.",NA,NA,NA,NA,36,39,40,42,39,39,216,276,288,283,288,261,241,239,239,NA,NA,NA,NA,-0.237701736267155,-0.39458478618729,-0.39458478618729,-0.39458478618729,-0.39458478618729,-0.39458478618729,-0.607009113756008,-0.887669689762326,-1.06388860129723,-1.06388860129723,-1.26408631008201,-1.02743842204363,-0.761239442342602,-0.761239442342602,-0.761239442342602,10,2,1,7,7
"Saint Louis",NA,NA,NA,NA,NA,NA,NA,NA,NA,NA,5,16,13,12,10,5,3,4,5,NA,NA,NA,NA,NA,NA,NA,NA,NA,NA,1.55371056831887,1.21681035460069,1.32515765881219,1.56436124060129,1.72031847526803,1.99083870030779,2.23757687429812,2.44337414708804,2.44337414708804,17,15,1,1,40
"North Florida",NA,NA,NA,NA,NA,NA,NA,NA,NA,NA,7,6,5,6,39,35,36,60,58,NA,NA,NA,NA,NA,NA,NA,NA,NA,NA,1.39798700439237,1.5470435064642,1.66477661012439,1.72187645160323,1.15722734066667,1.24306014822661,1.31200798558072,0.919428518508386,0.919428518508386,12,10,0,2,25
"Denver",NA,NA,NA,NA,NA,NA,NA,NA,NA,NA,8,3,11,8,3,6,7,3,8,NA,NA,NA,NA,NA,NA,NA,NA,NA,NA,1.26852626176162,1.69536738261065,1.40322390549721,1.70778396166315,1.96709397917635,1.96709397917635,2.00568194702095,2.48715083478834,2.32834618969991,21,17,1,3,40
"UCLA",NA,NA,NA,NA,NA,NA,NA,NA,NA,NA,11,8,3,4,16,9,4,7,7,NA,NA,NA,NA,NA,NA,NA,NA,NA,NA,1.20016873126922,1.49308887018971,1.812515044858,1.812515044858,1.4463710286232,1.90101075145182,2.21694741688747,2.21694741688747,2.35344178254358,17,13,3,1,36
"La Salle",NA,NA,NA,NA,NA,NA,NA,NA,NA,NA,14,20,50,41,92,63,59,56,54,NA,NA,NA,NA,NA,NA,NA,NA,NA,NA,1.15603004309375,1.15603004309375,0.747302747510037,0.956179008095498,0.554178615081177,0.81660440333366,0.961924285508589,0.961924285508589,0.961924285508589,9,7,0,2,21
"Arizona St.",NA,NA,NA,NA,NA,NA,NA,NA,NA,NA,17,23,18,45,28,40,117,171,95,NA,NA,NA,NA,NA,NA,NA,NA,NA,NA,1.1086076143674,1.1086076143674,1.22855876804129,0.923019732654268,1.28916374888907,1.15294085636817,0.361264309288592,-0.0299081739243439,0.502273165540114,17,9,2,6,28
"Northwestern St.",NA,NA,NA,NA,NA,NA,NA,NA,NA,NA,18,24,12,24,36,101,72,71,71,NA,NA,NA,NA,NA,NA,NA,NA,NA,NA,1.09664101284007,1.09664101284007,1.39288752072881,1.17945074409148,1.17945074409148,0.493862223935986,0.780687506649772,0.780687506649772,0.780687506649772,14,9,2,3,17
"High Point",NA,NA,NA,NA,NA,NA,NA,NA,NA,NA,21,12,7,11,5,8,5,13,15,NA,NA,NA,NA,NA,NA,NA,NA,NA,NA,1.06223176127036,1.28118889747782,1.62097736100016,1.62097736100016,1.81539438893983,1.91895112395386,2.18944975691028,1.84598076589531,1.84598076589531,11,10,0,1,32
"Milwaukee",NA,NA,NA,NA,NA,NA,NA,NA,NA,NA,24,57,39,38,24,17,12,14,20,NA,NA,NA,NA,NA,NA,NA,NA,NA,NA,0.989004153004429,0.632555791907393,0.873194975983459,1.00189442660328,1.34137152665911,1.51411971697217,1.79306768458551,1.79306768458551,1.64041822187881,12,9,1,2,25
"NC State",NA,NA,NA,NA,NA,NA,NA,NA,NA,NA,25,32,28,86,89,125,159,129,129,NA,NA,NA,NA,NA,NA,NA,NA,NA,NA,0.987953355011764,0.987953355011764,0.987953355011764,0.572847297360771,0.572847297360771,0.345999608135336,0.0337245644306347,0.278644389309776,0.278644389309776,9,5,1,3,10
"Rice",NA,NA,NA,NA,NA,NA,NA,NA,NA,NA,26,56,69,50,19,16,11,9,11,NA,NA,NA,NA,NA,NA,NA,NA,NA,NA,0.985298404855799,0.633594589884792,0.607662863459254,0.895520462362448,1.40923917474228,1.60014238227505,1.83656555286964,1.98290976353245,1.9779769626446,18,14,1,3,38
"Washington St.",NA,NA,NA,NA,NA,NA,NA,NA,NA,NA,27,33,30,60,51,103,89,85,82,NA,NA,NA,NA,NA,NA,NA,NA,NA,NA,0.985160319987568,0.985160319987568,0.985160319987568,0.759507336349794,1.03596041829149,0.486965265881282,0.620217934633699,0.620217934633699,0.620217934633699,12,6,3,3,17
"St. John's (NY)",NA,NA,NA,NA,NA,NA,NA,NA,NA,NA,29,22,65,74,145,157,150,152,152,NA,NA,NA,NA,NA,NA,NA,NA,NA,NA,0.918248967008445,1.11882870759475,0.66826516931373,0.66826516931373,0.101276695666312,0.101276695666312,0.101276695666312,0.101276695666312,0.101276695666312,12,5,3,4,19
"North Dakota St.",NA,NA,NA,NA,NA,NA,NA,NA,NA,NA,31,80,111,118,162,231,215,213,213,NA,NA,NA,NA,NA,NA,NA,NA,NA,NA,0.860766846314442,0.433925725465414,0.330423878183229,0.330423878183229,0.00340116513396543,-0.672980517107829,-0.481198917013444,-0.481198917013444,-0.481198917013444,16,7,1,8,20
"Arizona",NA,NA,NA,NA,NA,NA,NA,NA,NA,NA,32,101,114,81,122,65,106,67,66,NA,NA,NA,NA,NA,NA,NA,NA,NA,NA,0.856224194597729,0.296490431798895,0.314298840874337,0.619837876261354,0.329866705138688,0.805061277551427,0.443756398052424,0.83492888126536,0.83492888126536,15,9,1,5,24
"New Hampshire",NA,NA,NA,NA,NA,NA,NA,NA,NA,NA,33,38,88,82,121,128,122,123,123,NA,NA,NA,NA,NA,NA,NA,NA,NA,NA,0.815177875261602,0.907288655788159,0.492800206698723,0.618846440068785,0.334238513673262,0.334238513673262,0.334238513673262,0.334238513673262,0.334238513673262,7,5,0,2,11
"Penn St.",NA,NA,NA,NA,NA,NA,NA,NA,NA,NA,34,25,24,10,6,11,8,22,10,NA,NA,NA,NA,NA,NA,NA,NA,NA,NA,0.774979959483533,1.09271675570067,1.09271675570067,1.64044402092189,1.80653833722975,1.83869133324103,1.98525436851682,1.54022118101706,2.00653957714836,16,12,1,3,43
"Georgetown",NA,NA,NA,NA,NA,NA,NA,NA,NA,NA,35,11,8,3,4,7,10,6,6,NA,NA,NA,NA,NA,NA,NA,NA,NA,NA,0.756003244955544,1.29675797844108,1.58667175915261,1.84898005318157,1.92508629099506,1.92508629099506,1.92508629099506,2.25211259301702,2.41545924695269,14,12,2,0,32
"California",NA,NA,NA,NA,NA,NA,NA,NA,NA,NA,37,65,113,78,119,105,185,207,207,NA,NA,NA,NA,NA,NA,NA,NA,NA,NA,0.723541005051129,0.517928913775707,0.318491274741922,0.651242914619501,0.340064164332667,0.482513772183788,-0.18775692694868,-0.448095708036749,-0.448095708036749,13,5,1,7,11
"Providence",NA,NA,NA,NA,NA,NA,NA,NA,NA,NA,39,50,26,72,58,54,55,53,51,NA,NA,NA,NA,NA,NA,NA,NA,NA,NA,0.676188820757328,0.685405817670364,1.02210470217782,0.681715482434511,0.884421661503215,0.991361196555991,0.991361196555991,0.991361196555991,0.991361196555991,12,7,3,2,21
"Utah Valley",NA,NA,NA,NA,NA,NA,NA,NA,NA,NA,40,14,37,75,53,51,48,34,40,NA,NA,NA,NA,NA,NA,NA,NA,NA,NA,0.661058992923808,1.2346517016263,0.894192172442945,0.664086727992703,0.978550441238937,1.03260800331704,1.12328914448141,1.35507992495493,1.17920144532556,22,13,4,5,40
"UIC",NA,NA,NA,NA,NA,NA,NA,NA,NA,NA,41,94,74,110,96,96,125,126,126,NA,NA,NA,NA,NA,NA,NA,NA,NA,NA,0.657525433964333,0.353853610180798,0.565449735781924,0.367070484075552,0.537637977672372,0.537637977672372,0.300053427179947,0.300053427179947,0.300053427179947,9,5,1,3,12
"Marquette",NA,NA,NA,NA,NA,NA,NA,NA,NA,NA,42,35,57,128,130,170,137,140,140,NA,NA,NA,NA,NA,NA,NA,NA,NA,NA,0.650769362567529,0.96491128984462,0.728745722569749,0.250817624567024,0.24614333864593,-0.0588234531569446,0.203174794020691,0.203174794020691,0.203174794020691,10,6,0,4,16
"South Fla.",NA,NA,NA,NA,NA,NA,NA,NA,NA,NA,43,40,25,25,15,12,17,8,13,NA,NA,NA,NA,NA,NA,NA,NA,NA,NA,0.647406895383407,0.855305828061407,1.02839355300102,1.16147239775692,1.46508233704833,1.68321940995571,1.68321940995571,1.99936039306695,1.90420118970182,13,10,2,1,25
"Western Ky.",NA,NA,NA,NA,NA,NA,NA,NA,NA,NA,44,45,51,51,52,53,35,68,68,NA,NA,NA,NA,NA,NA,NA,NA,NA,NA,0.633332758218785,0.747225562571987,0.747225562571987,0.88634267940928,1.00939873156588,1.00939873156588,1.31253644782995,0.789724017771761,0.789724017771761,11,7,2,2,19
"Gonzaga",NA,NA,NA,NA,NA,NA,NA,NA,NA,NA,45,34,79,76,110,116,112,70,70,NA,NA,NA,NA,NA,NA,NA,NA,NA,NA,0.631250762914559,0.977927771548813,0.53453991660483,0.659473318218204,0.382193338592412,0.382193338592412,0.382193338592412,0.783064308041553,0.783064308041553,11,7,1,3,19
"UNCW",NA,NA,NA,NA,NA,NA,NA,NA,NA,NA,46,126,82,85,66,70,63,69,69,NA,NA,NA,NA,NA,NA,NA,NA,NA,NA,0.604914165222789,0.128511381784786,0.51324142556336,0.574737178923846,0.772390246425269,0.772390246425269,0.926894731074119,0.787213130045243,0.787213130045243,10,7,0,3,20
"Hofstra",NA,NA,NA,NA,NA,NA,NA,NA,NA,NA,47,39,32,22,12,15,14,35,32,NA,NA,NA,NA,NA,NA,NA,NA,NA,NA,0.603998249779867,0.894098289218418,0.973854669689714,1.2472773522172,1.61466240358987,1.61466240358987,1.76814599165328,1.35190613059215,1.35190613059215,9,7,1,1,32
"VCU",NA,NA,NA,NA,NA,NA,NA,NA,NA,NA,48,93,108,112,83,110,85,84,81,NA,NA,NA,NA,NA,NA,NA,NA,NA,NA,0.580241247537085,0.356035423772891,0.356035423772891,0.352375622667371,0.642865506972233,0.426761660070929,0.660780427243829,0.660780427243829,0.660780427243829,13,7,2,4,21
"UConn",NA,NA,NA,NA,NA,NA,NA,NA,NA,NA,49,96,36,29,20,18,24,40,36,NA,NA,NA,NA,NA,NA,NA,NA,NA,NA,0.547504205515326,0.344794165065985,0.918108885833548,1.10585936362431,1.40817115758473,1.49413501997093,1.49413501997093,1.24120835943396,1.24120835943396,12,8,1,3,21
"South Dakota St.",NA,NA,NA,NA,NA,NA,NA,NA,NA,NA,51,37,19,16,9,10,9,10,12,NA,NA,NA,NA,NA,NA,NA,NA,NA,NA,0.528360245321126,0.91962155942866,1.2117650365421,1.40065633337051,1.72767904641978,1.88164009463644,1.96453728233169,1.96453728233169,1.96453728233169,17,12,5,0,29
"Houston",NA,NA,NA,NA,NA,NA,NA,NA,NA,NA,52,66,71,59,138,98,69,66,65,NA,NA,NA,NA,NA,NA,NA,NA,NA,NA,0.512185534428971,0.512185534428971,0.58219848474482,0.767659973176576,0.151902216495475,0.509678753907236,0.840222566702511,0.840222566702511,0.840222566702511,11,6,1,4,24
"UTRGV",NA,NA,NA,NA,NA,NA,NA,NA,NA,NA,53,162,104,164,158,153,216,214,214,NA,NA,NA,NA,NA,NA,NA,NA,NA,NA,0.498332053235185,-0.0752606554673108,0.384605495911445,-0.0757543372270522,0.0281082696293265,0.131140586409457,-0.482960114764223,-0.482960114764223,-0.482960114764223,19,10,2,7,21
"Lipscomb",NA,NA,NA,NA,NA,NA,NA,NA,NA,NA,54,88,72,36,34,31,68,65,64,NA,NA,NA,NA,NA,NA,NA,NA,NA,NA,0.49742241341542,0.365608789934601,0.576841135584218,1.02743371414991,1.19601687172155,1.28409039285699,0.844534847984756,0.844534847984756,0.844534847984756,11,7,2,2,25
"NJIT",NA,NA,NA,NA,NA,NA,NA,NA,NA,NA,55,123,134,204,262,266,286,286,286,NA,NA,NA,NA,NA,NA,NA,NA,NA,NA,0.490313222390998,0.137447080593657,0.137447080593657,-0.333051198722315,-0.929865387369811,-1.08750063034631,-1.30693200134597,-1.30693200134597,-1.30693200134597,9,2,1,6,7
"Butler",NA,NA,NA,NA,NA,NA,NA,NA,NA,NA,57,43,15,32,25,27,27,25,24,NA,NA,NA,NA,NA,NA,NA,NA,NA,NA,0.472940625461971,0.75373380294568,1.25541133961125,1.10432064847166,1.32582695303696,1.32582695303696,1.46478976685917,1.49907840498052,1.49907840498052,10,8,0,2,22
"Washington",NA,NA,NA,NA,NA,NA,NA,NA,NA,NA,58,30,38,30,32,113,73,72,48,NA,NA,NA,NA,NA,NA,NA,NA,NA,NA,0.455389876499951,1.01512363929879,0.879885323534926,1.1055383071727,1.2184405680454,0.401158663850559,0.76939639815989,0.76939639815989,1.05937598207159,17,9,4,4,18
"Colorado",NA,NA,NA,NA,NA,NA,NA,NA,NA,NA,59,72,85,73,108,141,90,76,108,NA,NA,NA,NA,NA,NA,NA,NA,NA,NA,0.447275034681833,0.489943719710539,0.495353340105484,0.675521771972164,0.399068690030464,0.238439149132694,0.61272321866721,0.739429329614968,0.421280817361816,17,9,2,6,18
"Murray St.",NA,NA,NA,NA,NA,NA,NA,NA,NA,NA,60,41,23,46,31,14,19,42,37,NA,NA,NA,NA,NA,NA,NA,NA,NA,NA,0.40266915716188,0.833780051980675,1.0960014369604,0.915555391328799,1.24008974448605,1.63540973867547,1.63540973867547,1.22478823300123,1.22478823300123,11,9,0,2,23
"St. Francis Brooklyn",NA,NA,NA,NA,NA,NA,NA,NA,NA,NA,61,188,225,239,259,273,245,243,243,NA,NA,NA,NA,NA,NA,NA,NA,NA,NA,0.382602619726842,-0.260327254127709,-0.477074805823362,-0.665624295626152,-0.876452539680563,-1.12379423195327,-0.797682805682214,-0.797682805682214,-0.797682805682214,8,2,1,5,7
"Longwood",NA,NA,NA,NA,NA,NA,NA,NA,NA,NA,63,91,107,101,60,97,132,135,135,NA,NA,NA,NA,NA,NA,NA,NA,NA,NA,0.361483422110738,0.361483422110738,0.361483422110738,0.45321165294581,0.873161548268044,0.518011569627981,0.247512936671557,0.247512936671557,0.247512936671557,10,4,3,3,12
"UCF",NA,NA,NA,NA,NA,NA,NA,NA,NA,NA,64,125,136,153,166,168,199,199,199,NA,NA,NA,NA,NA,NA,NA,NA,NA,NA,0.355790275406076,0.12944262506569,0.12944262506569,-0.00363621969020436,-0.00363621969020436,-0.00363621969020436,-0.334180032485479,-0.334180032485479,-0.334180032485479,7,2,1,4,9
"Jackson St.",NA,NA,NA,NA,NA,NA,NA,NA,NA,NA,65,95,133,140,185,164,146,150,150,NA,NA,NA,NA,NA,NA,NA,NA,NA,NA,0.353236776556127,0.353236776556127,0.14367013937136,0.140570280310448,-0.202761351543406,0.0220778581174316,0.128478414023582,0.128478414023582,0.128478414023582,10,6,0,4,23
"California Baptist",NA,NA,NA,NA,NA,NA,NA,NA,NA,NA,66,52,31,27,50,115,151,153,153,NA,NA,NA,NA,NA,NA,NA,NA,NA,NA,0.351502195576815,0.644111016077299,0.984570545260658,1.14228337576268,1.0384207689063,0.389091250678588,0.101124804824308,0.101124804824308,0.101124804824308,16,9,3,4,32
"Dayton",NA,NA,NA,NA,NA,NA,NA,NA,NA,NA,67,142,151,122,95,64,94,109,107,NA,NA,NA,NA,NA,NA,NA,NA,NA,NA,0.341381189226471,0.00270782983692391,0.00270782983692391,0.305911380239908,0.54247556613454,0.814294251422194,0.56755607743187,0.432243804781878,0.432243804781878,14,7,1,6,23
"Ohio St.",NA,NA,NA,NA,NA,NA,NA,NA,NA,NA,68,85,99,69,46,41,65,63,57,NA,NA,NA,NA,NA,NA,NA,NA,NA,NA,0.334564425253703,0.399207414820143,0.399207414820143,0.687859662960767,1.07077247434157,1.1463585849041,0.854766772918145,0.854766772918145,0.926568100578188,14,8,3,3,27
"Seton Hall",NA,NA,NA,NA,NA,NA,NA,NA,NA,NA,69,171,245,277,254,252,282,280,280,NA,NA,NA,NA,NA,NA,NA,NA,NA,NA,0.320555346056076,-0.149854094182902,-0.633265223232145,-1.00523997025055,-0.834978601245731,-0.920942463631932,-1.22871888505247,-1.22871888505247,-1.22871888505247,11,2,0,9,9
"Santa Clara",NA,NA,NA,NA,NA,NA,NA,NA,NA,NA,70,67,41,28,35,28,37,36,3,NA,NA,NA,NA,NA,NA,NA,NA,NA,NA,0.307609775140451,0.507423803893473,0.841665173260201,1.110988499783,1.18074920945348,1.31144056599106,1.31144056599106,1.31144056599106,2.79370665778162,12,10,1,1,30
"DePaul",NA,NA,NA,NA,NA,NA,NA,NA,NA,NA,72,196,173,125,199,212,211,209,209,NA,NA,NA,NA,NA,NA,NA,NA,NA,NA,0.301227283175666,-0.293707821585134,-0.0974937869914562,0.266710932569436,-0.299122546053825,-0.454101369163331,-0.454101369163331,-0.454101369163331,-0.454101369163331,8,3,0,5,9
"Belmont",NA,NA,NA,NA,NA,NA,NA,NA,NA,NA,73,189,165,113,149,139,130,132,132,NA,NA,NA,NA,NA,NA,NA,NA,NA,NA,0.284730091603837,-0.264547119021131,-0.0531269510838182,0.352189985495065,0.0740075343662637,0.258869883325552,0.258869883325552,0.258869883325552,0.258869883325552,10,5,1,4,11
"SIUE",NA,NA,NA,NA,NA,NA,NA,NA,NA,NA,74,26,14,18,40,66,71,32,52,NA,NA,NA,NA,NA,NA,NA,NA,NA,NA,0.284730091603837,1.07742785615995,1.27126623222468,1.33117015603047,1.15655090684061,0.800787806572217,0.800787806572217,1.36774494708858,0.990708143202087,13,8,2,3,28
"Tennessee Tech",NA,NA,NA,NA,NA,NA,NA,NA,NA,NA,75,75,124,167,225,181,186,187,187,NA,NA,NA,NA,NA,NA,NA,NA,NA,NA,0.284730091603837,0.482055088197391,0.219537729774127,-0.0889827299913654,-0.543057130787283,-0.204186775654551,-0.204186775654551,-0.204186775654551,-0.204186775654551,10,4,1,5,6
"BYU",NA,NA,NA,NA,NA,NA,NA,NA,NA,NA,76,29,62,21,8,4,6,5,16,NA,NA,NA,NA,NA,NA,NA,NA,NA,NA,0.276097056169087,1.0288786064788,0.694637237112074,1.24867587380656,1.76863528053576,1.99496540211513,2.15460173091213,2.25636839454898,1.80894908913869,16,11,1,4,47
"Indiana",NA,NA,NA,NA,NA,NA,NA,NA,NA,NA,77,99,156,132,103,95,110,111,110,NA,NA,NA,NA,NA,NA,NA,NA,NA,NA,0.272312195033904,0.304646794213698,-0.0200756100205429,0.213748579695368,0.483544041342079,0.556840745296602,0.410277710020814,0.410277710020814,0.410277710020814,12,6,1,5,13
"Chattanooga",NA,NA,NA,NA,NA,NA,NA,NA,NA,NA,78,106,76,93,65,88,105,105,102,NA,NA,NA,NA,NA,NA,NA,NA,NA,NA,0.271678691369021,0.271678691369021,0.544864942325754,0.525367641068746,0.779256176835207,0.619526427475615,0.467575248866441,0.467575248866441,0.467575248866441,11,7,1,3,11
"LIU",NA,NA,NA,NA,NA,NA,NA,NA,NA,NA,80,109,83,70,75,83,82,113,112,NA,NA,NA,NA,NA,NA,NA,NA,NA,NA,0.256883909927902,0.256883909927902,0.49914291099221,0.687692400795,0.687692400795,0.687692400795,0.687692400795,0.402167550421076,0.402167550421076,5,3,1,1,4
"Southern Miss.",NA,NA,NA,NA,NA,NA,NA,NA,NA,NA,82,62,46,39,90,71,61,57,55,NA,NA,NA,NA,NA,NA,NA,NA,NA,NA,0.251289441471203,0.527799589325368,0.81241195199741,1.00152260102277,0.565394958945376,0.767504430918533,0.949245016952819,0.949245016952819,0.949245016952819,11,7,1,3,17
"Rutgers",NA,NA,NA,NA,NA,NA,NA,NA,NA,NA,83,47,54,42,77,87,54,77,47,NA,NA,NA,NA,NA,NA,NA,NA,NA,NA,0.248243125875547,0.739904687409785,0.739904687409785,0.953416587895184,0.650158743577469,0.650158743577469,1.0538763789689,0.736616139498732,1.061813948585,16,9,4,3,18
"Memphis",NA,NA,NA,NA,NA,NA,NA,NA,NA,NA,84,76,58,26,13,33,32,51,67,NA,NA,NA,NA,NA,NA,NA,NA,NA,NA,0.243499347436832,0.469846997777217,0.721215342256186,1.1567242199514,1.49423740031995,1.27610032741257,1.38086697052097,1.03450186841192,0.816338518086624,12,8,0,4,17
"Colgate",NA,NA,NA,NA,NA,NA,NA,NA,NA,NA,85,150,213,254,243,184,139,101,98,NA,NA,NA,NA,NA,NA,NA,NA,NA,NA,0.222219115798998,-0.0150452499084427,-0.373905081658671,-0.754408854118997,-0.754408854118997,-0.215259386409273,0.188288692083875,0.480624904473796,0.480624904473796,9,4,2,3,12
"UIW",NA,NA,NA,NA,NA,NA,NA,NA,NA,NA,86,153,80,92,86,60,135,138,138,NA,NA,NA,NA,NA,NA,NA,NA,NA,NA,0.222106695381155,-0.0272381507539642,0.533735084926721,0.533735084926721,0.595663834567607,0.900086435678451,0.216576320797831,0.216576320797831,0.216576320797831,14,6,3,5,20
"IUPUI",NA,NA,NA,NA,NA,NA,NA,NA,NA,NA,87,59,55,43,76,58,84,83,80,NA,NA,NA,NA,NA,NA,NA,NA,NA,NA,0.215269908396163,0.5717182694932,0.738942427808738,0.93732167951511,0.651804836677747,0.94045832619477,0.66151035858143,0.66151035858143,0.66151035858143,9,5,2,2,9
"Presbyterian",NA,NA,NA,NA,NA,NA,NA,NA,NA,NA,88,160,167,184,182,169,145,149,149,NA,NA,NA,NA,NA,NA,NA,NA,NA,NA,0.215269908396163,-0.0639299216741982,-0.0639299216741982,-0.213702022733048,-0.164391905277095,-0.0417128399875888,0.1290937580494,0.1290937580494,0.1290937580494,9,5,0,4,12
"Sacramento St.",NA,NA,NA,NA,NA,NA,NA,NA,NA,NA,89,117,126,131,196,239,213,211,211,NA,NA,NA,NA,NA,NA,NA,NA,NA,NA,0.215269908396163,0.215269908396163,0.215269908396163,0.215269908396163,-0.279320086275279,-0.773181785575073,-0.459835743755078,-0.459835743755078,-0.459835743755078,11,3,4,4,8
"UT Martin",NA,NA,NA,NA,NA,NA,NA,NA,NA,NA,90,115,197,198,117,55,57,89,85,NA,NA,NA,NA,NA,NA,NA,NA,NA,NA,0.215269908396163,0.226681984965108,-0.288861487418295,-0.288861487418295,0.349537656183836,0.975115631528114,0.975115631528114,0.597004855108679,0.597004855108679,11,6,1,4,16
"Prairie View",NA,NA,NA,NA,NA,NA,NA,NA,NA,NA,91,51,66,57,140,132,174,175,175,NA,NA,NA,NA,NA,NA,NA,NA,NA,NA,0.212534457361276,0.646557634082964,0.646557634082964,0.830799325498139,0.140493391047324,0.301712614945869,-0.0982186704053963,-0.0982186704053963,-0.0982186704053963,9,5,0,4,15
"Seattle U",NA,NA,NA,NA,NA,NA,NA,NA,NA,NA,92,68,130,121,163,122,87,81,78,NA,NA,NA,NA,NA,NA,NA,NA,NA,NA,0.20950197189509,0.501047921452306,0.180395817856793,0.313777958405175,-0.000685754841058095,0.356092108604102,0.644058554458382,0.708669065068843,0.708669065068843,18,11,2,5,39
"Wisconsin",NA,NA,NA,NA,NA,NA,NA,NA,NA,NA,93,164,176,161,113,119,116,114,113,NA,NA,NA,NA,NA,NA,NA,NA,NA,NA,0.205991642906026,-0.108809185114429,-0.108809185114429,-0.0662649448148846,0.366176236416114,0.366176236416114,0.366176236416114,0.398027763310627,0.398027763310627,14,7,3,4,12
"North Texas",NA,NA,NA,NA,NA,NA,NA,NA,NA,NA,94,58,77,111,69,74,97,93,88,NA,NA,NA,NA,NA,NA,NA,NA,NA,NA,0.19679099125262,0.618548940026615,0.542100655557719,0.352990006532357,0.724317210152531,0.724317210152531,0.552941500312903,0.552941500312903,0.552941500312903,10,6,1,3,16
"Oregon",NA,NA,NA,NA,NA,NA,NA,NA,NA,NA,95,178,143,108,74,129,147,131,131,NA,NA,NA,NA,NA,NA,NA,NA,NA,NA,0.192893591593518,-0.198169724837165,0.0970862872164172,0.377886256028789,0.689065006315624,0.32953011040064,0.121272060979786,0.260541700225482,0.260541700225482,16,6,5,5,12
"Mount St. Mary's",NA,NA,NA,NA,NA,NA,NA,NA,NA,NA,96,202,203,172,192,188,204,203,203,NA,NA,NA,NA,NA,NA,NA,NA,NA,NA,0.16215140958884,-0.331547336312047,-0.331547336312047,-0.124248023603695,-0.250273700187985,-0.252456501152481,-0.397525632174864,-0.397525632174864,-0.397525632174864,9,4,0,5,12
"FGCU",NA,NA,NA,NA,NA,NA,NA,NA,NA,NA,99,77,110,87,82,68,70,97,93,NA,NA,NA,NA,NA,NA,NA,NA,NA,NA,0.14173750491103,0.455117945330342,0.33738484167015,0.567999130141742,0.64320682509076,0.784474185935589,0.839767788913463,0.540395951906614,0.540395951906614,12,7,2,3,18
"Pepperdine",NA,NA,NA,NA,NA,NA,NA,NA,NA,NA,100,97,63,103,97,80,98,145,145,NA,NA,NA,NA,NA,NA,NA,NA,NA,NA,0.135527421298486,0.338474174145888,0.68571478811928,0.416391461596479,0.532637930972648,0.705498079115625,0.545861750318625,0.144990780869485,0.144990780869485,12,6,1,5,25
"Omaha",NA,NA,NA,NA,NA,NA,NA,NA,NA,NA,102,54,47,48,81,81,81,107,104,NA,NA,NA,NA,NA,NA,NA,NA,NA,NA,0.132382037839934,0.641571878614898,0.768413020268558,0.904682839372254,0.645372821859054,0.699679287663596,0.699679287663596,0.462162608449817,0.462162608449817,18,8,5,5,20
"South Dakota",NA,NA,NA,NA,NA,NA,NA,NA,NA,NA,103,213,186,211,183,102,43,55,53,NA,NA,NA,NA,NA,NA,NA,NA,NA,NA,0.111607491193982,-0.397582349580982,-0.202213563179441,-0.391104860007855,-0.184073098770452,0.492308583471343,1.2079746488121,0.964022440258485,0.964022440258485,17,9,1,7,35
"Purdue Fort Wayne",NA,NA,NA,NA,NA,NA,NA,NA,NA,NA,104,206,235,210,227,245,246,245,245,NA,NA,NA,NA,NA,NA,NA,NA,NA,NA,0.0998022277442889,-0.349309449348532,-0.560905574949658,-0.386878950958472,-0.559787242487957,-0.84844073200498,-0.84844073200498,-0.84844073200498,-0.84844073200498,8,2,1,5,8
"Southern California",NA,NA,NA,NA,NA,NA,NA,NA,NA,NA,106,60,179,173,137,46,23,23,22,NA,NA,NA,NA,NA,NA,NA,NA,NA,NA,0.094980014241082,0.56634487502417,-0.133654081812794,-0.133654081812794,0.156317089309872,1.06795442308631,1.52850799008814,1.52850799008814,1.52850799008814,14,7,4,3,27
"Illinois",NA,NA,NA,NA,NA,NA,NA,NA,NA,NA,107,166,127,137,147,120,169,172,172,NA,NA,NA,NA,NA,NA,NA,NA,NA,NA,0.0910454443009052,-0.112997200343801,0.211725203890439,0.150560123348754,0.0882195508386137,0.364115763662449,-0.03775803461347,-0.03775803461347,-0.03775803461347,12,6,1,5,14
"Marshall",NA,NA,NA,NA,NA,NA,NA,NA,NA,NA,108,201,170,252,280,288,300,301,301,NA,NA,NA,NA,NA,NA,NA,NA,NA,NA,0.0520603623597587,-0.316784213097551,-0.0789646212147998,-0.746423538323827,-1.15624004791062,-1.29908745452215,-1.7742008134008,-1.7742008134008,-1.7742008134008,9,2,0,7,9
"Tulsa",NA,NA,NA,NA,NA,NA,NA,NA,NA,NA,110,230,250,264,281,295,254,254,254,NA,NA,NA,NA,NA,NA,NA,NA,NA,NA,0.0511750021743143,-0.478904902480215,-0.651992627419829,-0.837454115851585,-1.15877744535037,-1.42421198334919,-0.892530362365958,-0.892530362365958,-0.892530362365958,8,2,0,6,11
"Northern Ariz.",NA,NA,NA,NA,NA,NA,NA,NA,NA,NA,111,136,120,53,47,86,86,61,60,NA,NA,NA,NA,NA,NA,NA,NA,NA,NA,0.0511127461467404,0.0511127461467404,0.245587364257492,0.867592541133948,1.05999010621324,0.654676733330357,0.654676733330357,0.882273887836039,0.882273887836039,10,7,1,2,17
"UTEP",NA,NA,NA,NA,NA,NA,NA,NA,NA,NA,112,183,138,168,175,201,212,210,210,NA,NA,NA,NA,NA,NA,NA,NA,NA,NA,0.0480934463763839,-0.228416701477781,0.112743310777174,-0.0922760549418999,-0.0922760549418999,-0.367991684895883,-0.45511744466783,-0.45511744466783,-0.45511744466783,11,3,2,6,11
"Cleveland St.",NA,NA,NA,NA,NA,NA,NA,NA,NA,NA,113,120,163,196,126,94,95,92,87,NA,NA,NA,NA,NA,NA,NA,NA,NA,NA,0.0399972619738556,0.188664972614428,-0.0519742114616375,-0.278725823155675,0.280736498556051,0.560426374706844,0.560426374706844,0.560426374706844,0.560426374706844,10,6,0,4,25
"Minnesota",NA,NA,NA,NA,NA,NA,NA,NA,NA,NA,114,112,102,155,123,133,183,186,186,NA,NA,NA,NA,NA,NA,NA,NA,NA,NA,0.0376555427518634,0.237287652081013,0.393606996887006,-0.0189495174550946,0.300577217544012,0.300577217544012,-0.175092633475894,-0.175092633475894,-0.175092633475894,12,5,3,4,7
"Oregon St.",NA,NA,NA,NA,NA,NA,NA,NA,NA,NA,115,205,262,282,284,207,234,244,244,NA,NA,NA,NA,NA,NA,NA,NA,NA,NA,0.0316600184849025,-0.341561664788,-0.774577239590908,-1.05537720840328,-1.21075336481634,-0.409868290899086,-0.70310064453998,-0.842370283785676,-0.842370283785676,16,4,1,11,19
"San Francisco",NA,NA,NA,NA,NA,NA,NA,NA,NA,NA,116,176,97,105,179,216,193,180,180,NA,NA,NA,NA,NA,NA,NA,NA,NA,NA,0.00928481247841159,-0.19366194036899,0.401013348454393,0.401013348454393,-0.128444346296022,-0.485465824412965,-0.273695765921383,-0.13907769174359,-0.13907769174359,10,4,2,4,11
"Indiana St.",NA,NA,NA,NA,NA,NA,NA,NA,NA,NA,117,175,123,129,168,131,93,134,134,NA,NA,NA,NA,NA,NA,NA,NA,NA,NA,0.00371379439802175,-0.186689302734243,0.234428700310186,0.234428700310186,-0.00904340047819566,0.301735799742855,0.56853777632327,0.247812149666282,0.247812149666282,10,6,0,4,9
"Fordham",NA,NA,NA,NA,NA,NA,NA,NA,NA,NA,118,143,152,230,167,146,153,155,155,NA,NA,NA,NA,NA,NA,NA,NA,NA,NA,0,0,0,-0.612622001579097,-0.00381825407015024,0.177616593385162,0.0894657532649825,0.0894657532649825,0.0894657532649825,8,4,1,3,6
"James Madison",NA,NA,NA,NA,NA,NA,NA,NA,NA,NA,119,144,206,227,213,211,222,221,221,NA,NA,NA,NA,NA,NA,NA,NA,NA,NA,0,0,-0.340803094762824,-0.560395462603299,-0.432132174782648,-0.432132174782648,-0.586636659431498,-0.586636659431498,-0.586636659431498,6,1,2,3,6
"Loyola Chicago",NA,NA,NA,NA,NA,NA,NA,NA,NA,NA,120,105,48,52,21,56,58,41,49,NA,NA,NA,NA,NA,NA,NA,NA,NA,NA,0,0.271727109082938,0.760743585767462,0.867771367107433,1.38724957866666,0.964186942490278,0.964186942490278,1.23946659509611,1.05111764650414,11,8,1,2,21
"Southern Utah",NA,NA,NA,NA,NA,NA,NA,NA,NA,NA,121,145,153,234,217,213,180,183,183,NA,NA,NA,NA,NA,NA,NA,NA,NA,NA,0,0,0,-0.622005176876456,-0.466476700976664,-0.466476700976664,-0.149246535749448,-0.149246535749448,-0.149246535749448,7,3,1,3,8
"Towson",NA,NA,NA,NA,NA,NA,NA,NA,NA,NA,122,146,144,178,212,186,202,201,201,NA,NA,NA,NA,NA,NA,NA,NA,NA,NA,0,0,0.0812311395565469,-0.167733881881876,-0.426829480083806,-0.220581642839976,-0.374065230903384,-0.374065230903384,-0.374065230903384,8,2,2,4,7
"UMBC",NA,NA,NA,NA,NA,NA,NA,NA,NA,NA,123,211,214,236,205,223,239,237,237,NA,NA,NA,NA,NA,NA,NA,NA,NA,NA,0,-0.376064098730745,-0.376064098730745,-0.642400703311288,-0.357968501529305,-0.577206642364286,-0.738554042587147,-0.738554042587147,-0.738554042587147,6,1,1,4,3
"UNI",NA,NA,NA,NA,NA,NA,NA,NA,NA,NA,124,185,198,130,155,191,171,173,173,NA,NA,NA,NA,NA,NA,NA,NA,NA,NA,0,-0.2469817566028,-0.303956503924291,0.223445839444763,0.0365239525691797,-0.274255247651871,-0.0699773691410956,-0.0699773691410956,-0.0699773691410956,11,4,3,4,9
"USC Upstate",NA,NA,NA,NA,NA,NA,NA,NA,NA,NA,125,227,281,273,299,290,266,265,265,NA,NA,NA,NA,NA,NA,NA,NA,NA,NA,0,-0.462264989451569,-0.930127745491115,-0.930127745491115,-1.45009298885641,-1.34686504746546,-1.01010039353466,-1.01010039353466,-1.01010039353466,8,2,1,5,7
"VMI",NA,NA,NA,NA,NA,NA,NA,NA,NA,NA,126,220,287,302,304,307,303,304,304,NA,NA,NA,NA,NA,NA,NA,NA,NA,NA,0,-0.429008421816337,-1.03540941194902,-1.48702444671885,-1.63481187726232,-1.84103243611375,-1.84103243611375,-1.84103243611375,-1.84103243611375,10,0,2,8,5
"William & Mary",NA,NA,NA,NA,NA,NA,NA,NA,NA,NA,127,147,154,200,218,217,256,256,256,NA,NA,NA,NA,NA,NA,NA,NA,NA,NA,0,0,0,-0.306294083214875,-0.503947150716298,-0.503947150716298,-0.916034018242762,-0.916034018242762,-0.916034018242762,6,0,3,3,3
"Stetson",NA,NA,NA,NA,NA,NA,NA,NA,NA,NA,128,172,234,258,255,259,272,271,271,NA,NA,NA,NA,NA,NA,NA,NA,NA,NA,-0.0116839412499189,-0.160740443321742,-0.560757377672689,-0.791371666144281,-0.857449307666017,-0.998716668510846,-1.06766450586496,-1.06766450586496,-1.06766450586496,9,1,1,7,7
"Michigan",NA,NA,NA,NA,NA,NA,NA,NA,NA,NA,129,108,75,90,124,135,127,128,128,NA,NA,NA,NA,NA,NA,NA,NA,NA,NA,-0.0208485357388978,0.257489838437521,0.555413023410692,0.548551708736341,0.288694184771762,0.288694184771762,0.288694184771762,0.288694184771762,0.288694184771762,11,5,3,3,21
"Michigan St.",NA,NA,NA,NA,NA,NA,NA,NA,NA,NA,130,223,261,268,289,294,294,293,293,NA,NA,NA,NA,NA,NA,NA,NA,NA,NA,-0.0376555427518634,-0.45327627790866,-0.751199462881832,-0.876439214866301,-1.26876853344114,-1.41765134795819,-1.49294648693827,-1.49294648693827,-1.49294648693827,12,1,1,10,10
"Illinois St.",NA,NA,NA,NA,NA,NA,NA,NA,NA,NA,131,114,224,228,181,154,184,196,196,NA,NA,NA,NA,NA,NA,NA,NA,NA,NA,-0.0443634179678338,0.236297158038485,-0.474112527649982,-0.581140308989953,-0.164016554407808,0.120956365313477,-0.186527793277656,-0.299787668254161,-0.299787668254161,12,4,1,7,16
"Davidson",NA,NA,NA,NA,NA,NA,NA,NA,NA,NA,132,122,101,190,152,130,123,100,97,NA,NA,NA,NA,NA,NA,NA,NA,NA,NA,-0.0486945899276197,0.149870865350248,0.395096178428329,-0.228244742397067,0.0465768659278916,0.322391627690241,0.322391627690241,0.500461137287866,0.500461137287866,13,6,3,4,13
"Northern Ky.",NA,NA,NA,NA,NA,NA,NA,NA,NA,NA,133,92,81,61,33,22,20,21,21,NA,NA,NA,NA,NA,NA,NA,NA,NA,NA,-0.0490586027037715,0.360409707402574,0.529648854690244,0.756400466384281,1.21482560075113,1.3871225056852,1.62470705617762,1.62470705617762,1.62470705617762,11,8,2,1,16
"Detroit Mercy",NA,NA,NA,NA,NA,NA,NA,NA,NA,NA,134,236,277,274,267,285,284,282,282,NA,NA,NA,NA,NA,NA,NA,NA,NA,NA,-0.0696684302369912,-0.504949061658137,-0.861637894803017,-0.990337345422836,-0.972232042489445,-1.25192191864024,-1.25192191864024,-1.25192191864024,-1.25192191864024,9,2,1,6,7
"Southeastern La.",NA,NA,NA,NA,NA,NA,NA,NA,NA,NA,136,107,100,106,109,85,83,24,39,NA,NA,NA,NA,NA,NA,NA,NA,NA,NA,-0.0895425407684833,0.267813633383825,0.398548213119246,0.398548213119246,0.398548213119246,0.658140403535819,0.687584791052459,1.5093936853981,1.18419587631183,15,8,4,3,21
"Northwestern",NA,NA,NA,NA,NA,NA,NA,NA,NA,NA,138,140,184,160,164,192,167,168,169,NA,NA,NA,NA,NA,NA,NA,NA,NA,NA,-0.122848543537201,0.0206568373396265,-0.193651029791875,-0.0632171709541715,-0.00139802893212534,-0.27729424175596,-0.0211369202636086,-0.0211369202636086,-0.0211369202636086,13,6,1,6,14
"East Carolina",NA,NA,NA,NA,NA,NA,NA,NA,NA,NA,139,203,204,149,193,165,172,185,185,NA,NA,NA,NA,NA,NA,NA,NA,NA,NA,-0.127903971110517,-0.335802903788517,-0.335802903788517,0.0219980697465168,-0.255417627046435,0.0100169109523807,-0.0947497321560218,-0.166583654425799,-0.166583654425799,11,3,2,6,12
"Valparaiso",NA,NA,NA,NA,NA,NA,NA,NA,NA,NA,140,118,159,156,195,174,138,121,121,NA,NA,NA,NA,NA,NA,NA,NA,NA,NA,-0.13181606929211,0.213311621233403,-0.0425111965947226,-0.0425111965947226,-0.272713064301284,-0.113627659069779,0.193856499521354,0.35256234854901,0.35256234854901,14,5,5,4,10
"Massachusetts",NA,NA,NA,NA,NA,NA,NA,NA,NA,NA,141,199,141,116,79,160,124,158,158,NA,NA,NA,NA,NA,NA,NA,NA,NA,NA,-0.143461988506236,-0.305384481211351,0.103342814372358,0.340505538702599,0.648746007310163,0.0664208419906111,0.307898273789578,0.059343764052024,0.059343764052024,12,6,1,5,9
"UAlbany",NA,NA,NA,NA,NA,NA,NA,NA,NA,NA,142,259,182,145,247,210,187,188,188,NA,NA,NA,NA,NA,NA,NA,NA,NA,NA,-0.15218673029999,-0.68308576141126,-0.190046824682933,0.0762897798976105,-0.794728441923165,-0.429794226213561,-0.2103628552139,-0.2103628552139,-0.2103628552139,10,5,0,5,11
"Weber St.",NA,NA,NA,NA,NA,NA,NA,NA,NA,NA,143,173,209,205,219,177,142,146,146,NA,NA,NA,NA,NA,NA,NA,NA,NA,NA,-0.163004727290769,-0.163004727290769,-0.35747934540152,-0.35747934540152,-0.513007821301312,-0.160438380266551,0.144374680762379,0.144374680762379,0.144374680762379,9,3,3,3,8
"Fairleigh Dickinson",NA,NA,NA,NA,NA,NA,NA,NA,NA,NA,144,83,68,123,142,123,92,91,86,NA,NA,NA,NA,NA,NA,NA,NA,NA,NA,-0.164062542667552,0.401108677018853,0.617856228714506,0.285369924647201,0.10449397911314,0.354018472350347,0.571138014346266,0.571138014346266,0.571138014346266,8,5,0,3,14
"Northeastern",NA,NA,NA,NA,NA,NA,NA,NA,NA,NA,145,149,106,144,116,121,119,144,144,NA,NA,NA,NA,NA,NA,NA,NA,NA,NA,-0.165341896533908,-0.00250239778991002,0.364460039822799,0.0910373572953101,0.35013295549724,0.357033746316557,0.357033746316557,0.163109397740874,0.163109397740874,11,5,1,5,11
"Cincinnati",NA,NA,NA,NA,NA,NA,NA,NA,NA,NA,146,90,207,186,111,117,114,103,100,NA,NA,NA,NA,NA,NA,NA,NA,NA,NA,-0.168332264330143,0.361747640324386,-0.348748669660755,-0.215904798569759,0.373658715612882,0.373658715612882,0.373658715612882,0.475716756880473,0.475716756880473,11,5,1,5,11
"A&M-Corpus Christi",NA,NA,NA,NA,NA,NA,NA,NA,NA,NA,147,87,201,202,240,251,253,253,253,NA,NA,NA,NA,NA,NA,NA,NA,NA,NA,-0.179887416199995,0.366260027720825,-0.312628927124268,-0.328442398645703,-0.735543128138636,-0.886047020602422,-0.886047020602422,-0.886047020602422,-0.886047020602422,16,3,5,8,14
"Campbell",NA,NA,NA,NA,NA,NA,NA,NA,NA,NA,148,214,146,91,54,47,22,11,23,NA,NA,NA,NA,NA,NA,NA,NA,NA,NA,-0.182111114293901,-0.400642459286662,0.0672202967528844,0.534643164273963,0.974100485198894,1.06102791508307,1.56507072965657,1.90853972067155,1.51112365987258,13,8,1,4,26
"Wagner",NA,NA,NA,NA,NA,NA,NA,NA,NA,NA,149,264,279,269,274,296,291,291,291,NA,NA,NA,NA,NA,NA,NA,NA,NA,NA,-0.18587559836633,-0.751046818052734,-0.899342251601731,-0.899342251601731,-1.06892476031814,-1.42682006306946,-1.42682006306946,-1.42682006306946,-1.42682006306946,7,0,1,6,0
"Xavier",NA,NA,NA,NA,NA,NA,NA,NA,NA,NA,150,132,181,208,198,194,220,219,219,NA,NA,NA,NA,NA,NA,NA,NA,NA,NA,-0.196831320544878,0.0870119244066368,-0.178500044984065,-0.365740497648312,-0.288450236260467,-0.288450236260467,-0.550448483438103,-0.550448483438103,-0.550448483438103,9,3,0,6,7
"Creighton",NA,NA,NA,NA,NA,NA,NA,NA,NA,NA,151,231,255,191,154,100,118,133,133,NA,NA,NA,NA,NA,NA,NA,NA,NA,NA,-0.205856972098134,-0.489700217049649,-0.685914251643326,-0.23385972939765,0.0378514691935584,0.497797084105939,0.358834270283726,0.250445990677388,0.250445990677388,10,4,0,6,11
"Eastern Ill.",NA,NA,NA,NA,NA,NA,NA,NA,NA,NA,152,256,280,306,279,279,280,278,278,NA,NA,NA,NA,NA,NA,NA,NA,NA,NA,-0.215269908396163,-0.649499970855269,-0.911349824410141,-1.53499235852732,-1.14023529858922,-1.20306993862683,-1.20306993862683,-1.20306993862683,-1.20306993862683,10,2,1,7,5
"Radford",NA,NA,NA,NA,NA,NA,NA,NA,NA,NA,153,141,122,99,101,61,79,79,76,NA,NA,NA,NA,NA,NA,NA,NA,NA,NA,-0.215269908396163,0.00326143659659772,0.236016025370045,0.473137208718222,0.511841973307277,0.86699195194734,0.716323447286503,0.716323447286503,0.716323447286503,10,6,1,3,17
"Stony Brook",NA,NA,NA,NA,NA,NA,NA,NA,NA,NA,154,168,129,77,64,112,109,59,109,NA,NA,NA,NA,NA,NA,NA,NA,NA,NA,-0.215269908396163,-0.133702424675402,0.187006402982246,0.657504682298218,0.780101808502502,0.415167592792898,0.415167592792898,0.929305915501233,0.414440949111847,10,6,0,4,20
"San Diego",NA,NA,NA,NA,NA,NA,NA,NA,NA,NA,155,246,267,259,292,299,295,294,294,NA,NA,NA,NA,NA,NA,NA,NA,NA,NA,-0.22384849900609,-0.570525507640344,-0.797841769526967,-0.797841769526967,-1.36382134022682,-1.5366814883698,-1.5366814883698,-1.5366814883698,-1.5366814883698,9,1,1,7,4
"Stanford",NA,NA,NA,NA,NA,NA,NA,NA,NA,NA,156,73,44,95,80,148,156,125,125,NA,NA,NA,NA,NA,NA,NA,NA,NA,NA,-0.224068849759958,0.488875041333496,0.823550996131141,0.490799356253561,0.646175512666626,0.164754224923668,0.0585346916186563,0.318873472706725,0.318873472706725,14,6,2,6,18
"Samford",NA,NA,NA,NA,NA,NA,NA,NA,NA,NA,157,182,92,56,42,19,16,30,29,NA,NA,NA,NA,NA,NA,NA,NA,NA,NA,-0.228210379539863,-0.228210379539863,0.47653607082946,0.846991317786214,1.10896241258602,1.47841802009383,1.68906780098701,1.3809544627399,1.3809544627399,13,8,3,2,28
"Wright St.",NA,NA,NA,NA,NA,NA,NA,NA,NA,NA,159,133,174,120,134,167,163,163,163,NA,NA,NA,NA,NA,NA,NA,NA,NA,NA,-0.237279164832011,0.0663926589515244,-0.100831499364014,0.321444350869519,0.175699705744745,0.00340280081067676,0.00340280081067676,0.00340280081067676,0.00340280081067676,9,4,0,5,13
"Drake",NA,NA,NA,NA,NA,NA,NA,NA,NA,NA,160,238,191,188,160,203,223,222,222,NA,NA,NA,NA,NA,NA,NA,NA,NA,NA,-0.238517146153864,-0.510244255236802,-0.220952572592763,-0.220952572592763,0.00895468387466825,-0.386778609395221,-0.591056487905996,-0.591056487905996,-0.591056487905996,8,2,2,4,3
"Temple",NA,NA,NA,NA,NA,NA,NA,NA,NA,NA,161,129,105,194,151,196,195,194,194,NA,NA,NA,NA,NA,NA,NA,NA,NA,NA,-0.241605967293404,0.111260174503936,0.376751724849403,-0.258449510080761,0.062873819418027,-0.294902717993734,-0.294902717993734,-0.294902717993734,-0.294902717993734,10,4,1,5,11
"Sam Houston",NA,NA,NA,NA,NA,NA,NA,NA,NA,NA,162,131,268,179,184,108,88,95,91,NA,NA,NA,NA,NA,NA,NA,NA,NA,NA,-0.244009729043757,0.109219780034395,-0.80640458030204,-0.184597082186921,-0.184597082186921,0.470792396448286,0.625871972515188,0.543746083513731,0.543746083513731,14,7,1,6,21
"Bellarmine",NA,NA,NA,NA,NA,NA,NA,NA,NA,NA,163,252,240,261,251,241,260,260,260,NA,NA,NA,NA,NA,NA,NA,NA,NA,NA,-0.254667621575786,-0.630363321779753,-0.586807912951899,-0.810114716433624,-0.810114716433624,-0.810114716433624,-0.964825755988208,-0.964825755988208,-0.964825755988208,11,2,3,6,6
"Drexel",NA,NA,NA,NA,NA,NA,NA,NA,NA,NA,164,187,193,154,133,175,206,205,205,NA,NA,NA,NA,NA,NA,NA,NA,NA,NA,-0.258391587776569,-0.258391587776569,-0.258391587776569,-0.0094265663381457,0.197055527659181,-0.130852806357041,-0.405175980886339,-0.405175980886339,-0.405175980886339,8,3,1,4,15
"Purdue",NA,NA,NA,NA,NA,NA,NA,NA,NA,NA,166,138,121,109,188,185,214,212,212,NA,NA,NA,NA,NA,NA,NA,NA,NA,NA,-0.269700866051846,0.0304558353367966,0.244763702468298,0.370003454452767,-0.215547969647991,-0.215547969647991,-0.471705291140343,-0.471705291140343,-0.471705291140343,12,4,2,6,9
"Saint Joseph's",NA,NA,NA,NA,NA,NA,NA,NA,NA,NA,167,237,231,193,211,215,243,241,241,NA,NA,NA,NA,NA,NA,NA,NA,NA,NA,-0.274733025172933,-0.505465113289255,-0.505465113289255,-0.258291942517497,-0.417095840257646,-0.4831023850276,-0.781748858881315,-0.781748858881315,-0.781748858881315,13,3,2,8,14
"Austin Peay",NA,NA,NA,NA,NA,NA,NA,NA,NA,NA,169,184,226,221,250,264,271,270,270,NA,NA,NA,NA,NA,NA,NA,NA,NA,NA,-0.284730091603837,-0.241059356278794,-0.481831596589083,-0.471738801217796,-0.805978647991404,-1.05020434539162,-1.05020434539162,-1.05020434539162,-1.05020434539162,10,2,1,7,11
"Eastern Ky.",NA,NA,NA,NA,NA,NA,NA,NA,NA,NA,170,221,276,237,165,200,201,200,200,NA,NA,NA,NA,NA,NA,NA,NA,NA,NA,-0.284730091603837,-0.435722647521929,-0.858545307236483,-0.650312505069478,-0.00314600572335488,-0.36581196380196,-0.36581196380196,-0.36581196380196,-0.36581196380196,10,4,1,5,14
"Jacksonville St.",NA,NA,NA,NA,NA,NA,NA,NA,NA,NA,171,265,169,127,157,163,157,159,160,NA,NA,NA,NA,NA,NA,NA,NA,NA,NA,-0.284730091603837,-0.755335115918865,-0.0772121516765634,0.252630935614886,0.0297235529935694,0.0466162981292323,0.0466162981292323,0.0466162981292323,0.0466162981292323,10,4,1,5,20
"Portland",NA,NA,NA,NA,NA,NA,NA,NA,NA,NA,172,156,161,157,127,136,170,181,181,NA,NA,NA,NA,NA,NA,NA,NA,NA,NA,-0.284795073509107,-0.044348106378425,-0.044348106378425,-0.044348106378425,0.278952037218017,0.278952037218017,-0.0384967178670499,-0.140263381503907,-0.140263381503907,10,3,3,4,10
"LMU (CA)",NA,NA,NA,NA,NA,NA,NA,NA,NA,NA,173,242,256,245,252,281,292,297,297,NA,NA,NA,NA,NA,NA,NA,NA,NA,NA,-0.288453945411622,-0.543644299874269,-0.694931733753669,-0.694931733753669,-0.811178203129838,-1.2211561462533,-1.43292620474488,-1.56621543162427,-1.56621543162427,9,1,1,7,6
"Charlotte",NA,NA,NA,NA,NA,NA,NA,NA,NA,NA,174,241,187,166,207,187,160,112,111,NA,NA,NA,NA,NA,NA,NA,NA,NA,NA,-0.288803546240755,-0.528879270287863,-0.205237649288339,-0.0865593756414047,-0.37422782628441,-0.231380419672881,0.0297373983129516,0.406205617708336,0.406205617708336,12,6,0,6,13
"UNC Asheville",NA,NA,NA,NA,NA,NA,NA,NA,NA,NA,175,240,290,289,260,268,257,257,257,NA,NA,NA,NA,NA,NA,NA,NA,NA,NA,-0.300908740796729,-0.51986587700419,-1.09305859081189,-1.18478682164696,-0.897943370810392,-1.09431860580705,-0.942419908164075,-0.942419908164075,-0.942419908164075,9,2,0,7,8
"Nebraska",NA,NA,NA,NA,NA,NA,NA,NA,NA,NA,176,208,211,276,276,247,249,249,249,NA,NA,NA,NA,NA,NA,NA,NA,NA,NA,-0.304437624024668,-0.364089226924568,-0.364089226924568,-0.998378683376665,-1.10220499844789,-0.851523303547348,-0.851523303547348,-0.851523303547348,-0.851523303547348,10,2,3,5,6
"UNC Greensboro",NA,NA,NA,NA,NA,NA,NA,NA,NA,NA,177,157,196,159,148,159,154,156,156,NA,NA,NA,NA,NA,NA,NA,NA,NA,NA,-0.304437624024668,-0.0547959476020393,-0.272228649471347,-0.0626830870063269,0.0851043435371492,0.0815990442403638,0.0815990442403638,0.0815990442403638,0.0815990442403638,11,4,2,5,8
"Oakland",NA,NA,NA,NA,NA,NA,NA,NA,NA,NA,178,127,91,79,57,75,78,78,75,NA,NA,NA,NA,NA,NA,NA,NA,NA,NA,-0.307452367867074,0.127828263554072,0.478727958747109,0.643575784454352,0.896355181870089,0.72360699155703,0.72360699155703,0.72360699155703,0.72360699155703,10,5,2,3,16
"Evansville",NA,NA,NA,NA,NA,NA,NA,NA,NA,NA,179,161,168,163,200,155,179,182,182,NA,NA,NA,NA,NA,NA,NA,NA,NA,NA,-0.31973638816542,-0.0727546315626197,-0.0727546315626197,-0.0727546315626197,-0.302661888030051,0.120400748146334,-0.146401228434081,-0.146401228434081,-0.146401228434081,8,2,3,3,2
"Western Caro.",NA,NA,NA,NA,NA,NA,NA,NA,NA,NA,180,212,274,220,197,224,221,220,220,NA,NA,NA,NA,NA,NA,NA,NA,NA,NA,-0.326819464328166,-0.38616878150519,-0.844551435749278,-0.467865198024605,-0.285417355349911,-0.58311944997114,-0.58311944997114,-0.58311944997114,-0.58311944997114,12,4,1,7,14
"UMass Lowell",NA,NA,NA,NA,NA,NA,NA,NA,NA,NA,181,128,78,71,61,48,53,74,73,NA,NA,NA,NA,NA,NA,NA,NA,NA,NA,-0.334564425253703,0.121854682461397,0.536343131550833,0.68491499890684,0.841569121712509,1.06080726254749,1.06080726254749,0.756030253533429,0.756030253533429,8,5,1,2,13
"Grambling",NA,NA,NA,NA,NA,NA,NA,NA,NA,NA,182,151,132,138,56,50,42,39,35,NA,NA,NA,NA,NA,NA,NA,NA,NA,NA,-0.336110713732145,-0.0189999175830133,0.149438769788283,0.149438769788283,0.955244511227635,1.03302329670953,1.2419500319495,1.2419500319495,1.2419500319495,12,8,2,2,29
"Northern Colo.",NA,NA,NA,NA,NA,NA,NA,NA,NA,NA,183,204,205,115,118,73,107,136,136,NA,NA,NA,NA,NA,NA,NA,NA,NA,NA,-0.336648618809277,-0.336648618809277,-0.336648618809277,0.340937672294434,0.340937672294434,0.746251045177314,0.441437984148384,0.241898621445313,0.241898621445313,8,3,2,3,10
"George Washington",NA,NA,NA,NA,NA,NA,NA,NA,NA,NA,185,110,142,104,206,142,133,137,137,NA,NA,NA,NA,NA,NA,NA,NA,NA,NA,-0.353334087793665,0.253989802740757,0.0977204046084387,0.411176819006688,-0.368746616677573,0.23131720189359,0.23131720189359,0.23131720189359,0.23131720189359,11,6,1,4,16
"Middle Tenn.",NA,NA,NA,NA,NA,NA,NA,NA,NA,NA,186,167,221,218,177,221,173,174,174,NA,NA,NA,NA,NA,NA,NA,NA,NA,NA,-0.365080484789486,-0.122887137132837,-0.446528758132361,-0.446528758132361,-0.111418795140858,-0.570617395319796,-0.0955040364411446,-0.0955040364411446,-0.0955040364411446,6,3,0,3,12
"Bryant",NA,NA,NA,NA,NA,NA,NA,NA,NA,NA,187,174,218,233,210,180,219,218,218,NA,NA,NA,NA,NA,NA,NA,NA,NA,NA,-0.37175119673266,-0.17075080939365,-0.413009810457959,-0.620309123166311,-0.409480879111899,-0.190220746065694,-0.544284753170391,-0.544284753170391,-0.544284753170391,8,3,0,5,5
"Southern U.",NA,NA,NA,NA,NA,NA,NA,NA,NA,NA,188,254,246,235,249,262,242,240,240,NA,NA,NA,NA,NA,NA,NA,NA,NA,NA,-0.372469211686052,-0.641304959668487,-0.641304959668487,-0.641304959668487,-0.805709073889759,-1.0305482835506,-0.766841306984192,-0.766841306984192,-0.766841306984192,8,3,0,5,6
"UTSA",NA,NA,NA,NA,NA,NA,NA,NA,NA,NA,189,200,242,247,236,209,227,226,226,NA,NA,NA,NA,NA,NA,NA,NA,NA,NA,-0.375081128460966,-0.315949475375174,-0.600561838047217,-0.700832556969311,-0.700832556969311,-0.425116927015328,-0.621455765632731,-0.621455765632731,-0.621455765632731,11,3,1,7,9
"Utah",NA,NA,NA,NA,NA,NA,NA,NA,NA,NA,191,278,237,253,256,275,200,215,215,NA,NA,NA,NA,NA,NA,NA,NA,NA,NA,-0.394926369929019,-0.944926854775758,-0.569763693002026,-0.749932124868706,-0.862834385741407,-1.14355502284591,-0.364857665801849,-0.491563776749607,-0.491563776749607,16,4,3,9,12
"Kansas City",NA,NA,NA,NA,NA,NA,NA,NA,NA,NA,192,267,265,271,286,309,309,309,309,NA,NA,NA,NA,NA,NA,NA,NA,NA,NA,-0.400625840595844,-0.791887154703378,-0.791887154703378,-0.928156973807074,-1.23383495350686,-1.89799601841467,-1.93658398625927,-1.93658398625927,-1.93658398625927,17,4,1,12,16
"Liberty",NA,NA,NA,NA,NA,NA,NA,NA,NA,NA,193,152,157,222,242,254,192,110,159,NA,NA,NA,NA,NA,NA,NA,NA,NA,NA,-0.402172589009007,-0.0214875422145834,-0.0214875422145834,-0.472080120780271,-0.754152998466541,-0.958670089834622,-0.267463434716273,0.425804974303363,0.0518560117423454,18,7,5,6,18
"Morehead St.",NA,NA,NA,NA,NA,NA,NA,NA,NA,NA,194,269,259,257,275,263,270,269,269,NA,NA,NA,NA,NA,NA,NA,NA,NA,NA,-0.40266915716188,-0.797034363969591,-0.730629572178668,-0.790533495984451,-1.09807443890381,-1.03871109046288,-1.03871109046288,-1.03871109046288,-1.03871109046288,10,2,0,8,6
"McNeese",NA,NA,NA,NA,NA,NA,NA,NA,NA,NA,195,257,264,219,216,237,238,236,236,NA,NA,NA,NA,NA,NA,NA,NA,NA,NA,-0.416728947005267,-0.659831644568873,-0.790566224304294,-0.456905512604293,-0.456905512604293,-0.733505557273217,-0.733505557273217,-0.733505557273217,-0.733505557273217,11,3,1,7,13
"Gardner-Webb",NA,NA,NA,NA,NA,NA,NA,NA,NA,NA,196,170,210,206,248,240,293,292,292,NA,NA,NA,NA,NA,NA,NA,NA,NA,NA,-0.428556119552333,-0.149356289481972,-0.358048253013538,-0.358048253013538,-0.797505573938469,-0.797505573938469,-1.45697552354923,-1.45697552354923,-1.45697552354923,10,2,2,6,9
"Winthrop",NA,NA,NA,NA,NA,NA,NA,NA,NA,NA,197,139,148,197,226,228,252,252,252,NA,NA,NA,NA,NA,NA,NA,NA,NA,NA,-0.440882788314522,0.0213822011370469,0.0308359948634883,-0.28681477159874,-0.553981416609206,-0.640908846493386,-0.884531596773799,-0.884531596773799,-0.884531596773799,9,2,1,6,6
"Maryland",NA,NA,NA,NA,NA,NA,NA,NA,NA,NA,200,279,282,305,308,306,301,302,302,NA,NA,NA,NA,NA,NA,NA,NA,NA,NA,-0.462956971922359,-0.953712183263175,-0.953712183263175,-1.52656597264232,-1.72139129329864,-1.75354428930992,-1.79037497373532,-1.79037497373532,-1.79037497373532,12,0,2,10,8
"Charleston So.",NA,NA,NA,NA,NA,NA,NA,NA,NA,NA,201,228,195,225,237,244,258,258,258,NA,NA,NA,NA,NA,NA,NA,NA,NA,NA,-0.464301705974425,-0.464301705974425,-0.264413874657388,-0.501535058005565,-0.703628425773287,-0.836716932471116,-0.946468492103363,-0.946468492103363,-0.946468492103363,9,2,1,6,4
"Saint Mary's (CA)",NA,NA,NA,NA,NA,NA,NA,NA,NA,NA,204,260,222,229,172,171,131,115,114,NA,NA,NA,NA,NA,NA,NA,NA,NA,NA,-0.492780240017198,-0.69259426877022,-0.465278006883597,-0.59021140849697,-0.0607537137465562,-0.0607537137465562,0.25669504133851,0.389984268217901,0.389984268217901,11,4,3,4,11
"FIU",NA,NA,NA,NA,NA,NA,NA,NA,NA,NA,206,251,307,297,307,303,306,307,307,NA,NA,NA,NA,NA,NA,NA,NA,NA,NA,-0.508985753926966,-0.622878558280168,-1.780738246264,-1.3710747196392,-1.7061846826307,-1.7061846826307,-1.84499962952795,-1.84499962952795,-1.84499962952795,12,3,0,9,12
"North Ala.",NA,NA,NA,NA,NA,NA,NA,NA,NA,NA,207,277,304,300,300,304,311,311,311,NA,NA,NA,NA,NA,NA,NA,NA,NA,NA,-0.51055430770075,-0.932354228578013,-1.45753760952521,-1.45753760952521,-1.45753760952521,-1.71204255237309,-1.96369366261921,-1.96369366261921,-1.96369366261921,12,1,2,9,8
"Sacred Heart",NA,NA,NA,NA,NA,NA,NA,NA,NA,NA,208,262,257,158,161,166,198,198,198,NA,NA,NA,NA,NA,NA,NA,NA,NA,NA,-0.518094628534388,-0.719095015873398,-0.719095015873398,-0.0604947670472089,0.00886314768485982,0.00886314768485982,-0.3172482785862,-0.3172482785862,-0.3172482785862,9,2,2,5,9
"Merrimack",NA,NA,NA,NA,NA,NA,NA,NA,NA,NA,209,154,137,182,187,182,188,189,189,NA,NA,NA,NA,NA,NA,NA,NA,NA,NA,-0.526283593723447,-0.0325848478225598,0.115710585726436,-0.210403359032447,-0.210403359032447,-0.210403359032447,-0.210403359032447,-0.210403359032447,-0.210403359032447,7,4,0,3,9
"George Mason",NA,NA,NA,NA,NA,NA,NA,NA,NA,NA,210,284,247,203,229,243,217,216,216,NA,NA,NA,NA,NA,NA,NA,NA,NA,NA,-0.53156584211312,-1.0581104321238,-0.642269078785201,-0.328724771252534,-0.603546379577492,-0.827608751623683,-0.509378068757693,-0.509378068757693,-0.509378068757693,10,3,1,6,8
"ETSU",NA,NA,NA,NA,NA,NA,NA,NA,NA,NA,211,197,270,291,294,291,288,288,288,NA,NA,NA,NA,NA,NA,NA,NA,NA,NA,-0.541238667791705,-0.302522605220972,-0.822072652302939,-1.19875889002761,-1.40132083584416,-1.40132083584416,-1.40132083584416,-1.40132083584416,-1.40132083584416,8,1,1,6,6
"Eastern Wash.",NA,NA,NA,NA,NA,NA,NA,NA,NA,NA,212,243,140,142,141,143,126,127,127,NA,NA,NA,NA,NA,NA,NA,NA,NA,NA,-0.546744931929423,-0.546744931929423,0.109318368699722,0.109318368699722,0.109318368699722,0.227958537658033,0.291299857116931,0.291299857116931,0.291299857116931,10,4,2,4,13
"New Mexico St.",NA,NA,NA,NA,NA,NA,NA,NA,NA,NA,217,210,272,275,244,272,228,227,227,NA,NA,NA,NA,NA,NA,NA,NA,NA,NA,-0.633136833563379,-0.373264415738809,-0.833130567117565,-0.990843397619583,-0.755656215783128,-1.11243407922829,-0.624580466209132,-0.624580466209132,-0.624580466209132,19,5,2,12,26
"Maine",NA,NA,NA,NA,NA,NA,NA,NA,NA,NA,218,263,258,267,269,258,264,264,264,NA,NA,NA,NA,NA,NA,NA,NA,NA,NA,-0.633609042408651,-0.725719822935208,-0.725719822935208,-0.874291690291216,-0.9968888164955,-0.9968888164955,-0.9968888164955,-0.9968888164955,-0.9968888164955,7,0,2,5,3
"Southern Ill.",NA,NA,NA,NA,NA,NA,NA,NA,NA,NA,219,268,266,295,293,302,310,310,310,NA,NA,NA,NA,NA,NA,NA,NA,NA,NA,-0.641110692112152,-0.795835285505401,-0.795835285505401,-1.32323762887445,-1.39904603086053,-1.68401895058181,-1.95021793028284,-1.95021793028284,-1.95021793028284,9,0,3,6,1
"North Dakota",NA,NA,NA,NA,NA,NA,NA,NA,NA,NA,220,181,178,215,178,190,263,263,263,NA,NA,NA,NA,NA,NA,NA,NA,NA,NA,-0.662233840052915,-0.2247468672772,-0.121245019995015,-0.425805076160958,-0.120127096461174,-0.274088144677842,-0.989754210018596,-0.989754210018596,-0.989754210018596,14,5,0,9,13
"Youngstown St.",NA,NA,NA,NA,NA,NA,NA,NA,NA,NA,221,270,284,288,290,255,261,261,261,NA,NA,NA,NA,NA,NA,NA,NA,NA,NA,-0.67416200498847,-0.822829715629043,-0.992068862916713,-1.1660954869079,-1.27313023919886,-0.971091217394164,-0.971091217394164,-0.971091217394164,-0.971091217394164,9,1,1,7,10
"Idaho",NA,NA,NA,NA,NA,NA,NA,NA,NA,NA,222,261,289,146,94,109,108,141,141,NA,NA,NA,NA,NA,NA,NA,NA,NA,NA,-0.695604440193815,-0.695604440193815,-1.08571694733073,0.0536301635725576,0.548220158244,0.429579989285689,0.429579989285689,0.201982834780006,0.201982834780006,11,5,0,6,16
"Alcorn",NA,NA,NA,NA,NA,NA,NA,NA,NA,NA,223,293,309,312,315,314,316,316,316,NA,NA,NA,NA,NA,NA,NA,NA,NA,NA,-0.705481512104982,-1.39189178765963,-1.91991960493989,-2.13564333342444,-2.47001241848881,-2.47001241848881,-2.53239682269847,-2.53239682269847,-2.53239682269847,10,0,0,10,7
"Rhode Island",NA,NA,NA,NA,NA,NA,NA,NA,NA,NA,224,274,278,246,273,246,248,248,248,NA,NA,NA,NA,NA,NA,NA,NA,NA,NA,-0.719094784992712,-0.881934283736711,-0.881934283736711,-0.699175682682432,-1.05541560804447,-0.850944533662762,-0.850944533662762,-0.850944533662762,-0.850944533662762,12,2,2,8,7
"Iowa",NA,NA,NA,NA,NA,NA,NA,NA,NA,NA,225,286,298,278,241,257,177,86,61,NA,NA,NA,NA,NA,NA,NA,NA,NA,NA,-0.746344251578646,-1.08948174178462,-1.24580108659062,-1.01476863390163,-0.745369962293583,-0.996051657194121,-0.118508007898296,0.611933892177118,0.872855587319972,17,7,1,9,11
"Ark.-Pine Bluff",NA,NA,NA,NA,NA,NA,NA,NA,NA,NA,226,296,295,286,298,297,314,314,314,NA,NA,NA,NA,NA,NA,NA,NA,NA,NA,-0.75320735825925,-1.48204442242298,-1.12245529251401,-1.12245529251401,-1.42052528787823,-1.49830407336012,-2.10268812079847,-2.10268812079847,-2.10268812079847,10,1,0,9,7
"Pacific",NA,NA,NA,NA,NA,NA,NA,NA,NA,NA,227,280,300,303,303,276,277,284,284,NA,NA,NA,NA,NA,NA,NA,NA,NA,NA,-0.759484652987278,-0.99993162011796,-1.34717223409135,-1.49416262507757,-1.56392333474805,-1.15394539162459,-1.15394539162459,-1.28856346580238,-1.28856346580238,12,1,3,8,7
"Villanova",NA,NA,NA,NA,NA,NA,NA,NA,NA,NA,228,271,292,265,272,277,247,247,247,NA,NA,NA,NA,NA,NA,NA,NA,NA,NA,-0.763337070492294,-0.840769060788852,-1.10672177944514,-0.844416584503159,-1.02881369070317,-1.15858543988776,-0.850809018467217,-0.850809018467217,-0.850809018467217,15,3,2,10,8
"Old Dominion",NA,NA,NA,NA,NA,NA,NA,NA,NA,NA,230,282,239,195,139,149,164,164,164,NA,NA,NA,NA,NA,NA,NA,NA,NA,NA,-0.793373979213256,-1.0355673268699,-0.576990096709937,-0.262044147639988,0.147772361946807,0.147772361946807,-0.00152504887584173,-0.00152504887584173,-0.00152504887584173,11,4,2,5,10
"Texas Southern",NA,NA,NA,NA,NA,NA,NA,NA,NA,NA,231,245,236,251,278,287,297,298,298,NA,NA,NA,NA,NA,NA,NA,NA,NA,NA,-0.813439537852362,-0.561052439019405,-0.561052439019405,-0.742194271373667,-1.13128836793348,-1.29250759183203,-1.60542544436087,-1.60542544436087,-1.60542544436087,10,2,0,8,7
"Fla. Atlantic",NA,NA,NA,NA,NA,NA,NA,NA,NA,NA,234,235,230,262,222,172,176,178,178,NA,NA,NA,NA,NA,NA,NA,NA,NA,NA,-0.870414442554141,-0.501569867096832,-0.501569867096832,-0.81651581616678,-0.528847365523775,-0.069648765344837,-0.112574404481874,-0.112574404481874,-0.112574404481874,11,5,2,4,12
"Grand Canyon",NA,NA,NA,NA,NA,NA,NA,NA,NA,NA,235,289,271,207,173,93,76,106,103,NA,NA,NA,NA,NA,NA,NA,NA,NA,NA,-0.88411046036183,-1.1439828781864,-0.823330774590887,-0.362970941452389,-0.0786011022435895,0.570728415984119,0.763579017886291,0.467177726802314,0.467177726802314,18,8,1,9,38
"Robert Morris",NA,NA,NA,NA,NA,NA,NA,NA,NA,NA,237,232,273,293,306,312,312,312,312,NA,NA,NA,NA,NA,NA,NA,NA,NA,NA,-0.941192875874448,-0.492081198781628,-0.842980893974664,-1.2652567442082,-1.70044600479337,-2.00248502659807,-2.00248502659807,-2.00248502659807,-2.00248502659807,9,1,0,8,8
"Kennesaw St.",NA,NA,NA,NA,NA,NA,NA,NA,NA,NA,239,275,252,217,204,179,165,166,166,NA,NA,NA,NA,NA,NA,NA,NA,NA,NA,-1.04113730921193,-0.886721505231819,-0.668364378579413,-0.445057575097689,-0.331567854983066,-0.165136433270619,-0.0104253937160351,-0.0117424986564882,-0.0117424986564882,16,8,0,8,14
"Alabama St.",NA,NA,NA,NA,NA,NA,NA,NA,NA,NA,240,239,180,152,100,76,56,54,90,NA,NA,NA,NA,NA,NA,NA,NA,NA,NA,-1.06585521843002,-0.515167846512069,-0.137180500475357,-0.00307181121712458,0.514128456477641,0.712102769356395,0.981004470188752,0.981004470188752,0.545095318578817,13,8,2,3,29
"Utah Tech",NA,NA,NA,NA,NA,NA,NA,NA,NA,NA,242,292,243,256,270,274,281,279,279,NA,NA,NA,NA,NA,NA,NA,NA,NA,NA,-1.0823113446701,-1.37385729422731,-0.612558281764732,-0.78950108302276,-1.02468826485922,-1.12772058163935,-1.21840172280372,-1.21840172280372,-1.21840172280372,15,3,2,10,19
"Col. of Charleston",NA,NA,NA,NA,NA,NA,NA,NA,NA,NA,246,295,303,304,305,308,305,306,306,NA,NA,NA,NA,NA,NA,NA,NA,NA,NA,-1.14101397833657,-1.45708179681487,-1.45708179681487,-1.51857755017536,-1.64684083799601,-1.84489949528195,-1.84489949528195,-1.84489949528195,-1.84489949528195,9,0,1,8,4
"Nicholls",NA,NA,NA,NA,NA,NA,NA,NA,NA,NA,247,299,311,313,314,315,317,317,317,NA,NA,NA,NA,NA,NA,NA,NA,NA,NA,-1.17666408777201,-1.70047117741726,-2.22322375340014,-2.31790237394677,-2.45700093883871,-2.76990517630486,-2.7993495638215,-2.7993495638215,-2.7993495638215,16,0,1,15,0
"Jacksonville",NA,NA,NA,NA,NA,NA,NA,NA,NA,NA,248,297,291,287,285,289,287,287,287,NA,NA,NA,NA,NA,NA,NA,NA,NA,NA,-1.18084443457138,-1.49422487499069,-1.09420794063974,-1.15130778211858,-1.2265154770676,-1.31234828462754,-1.36764188760541,-1.36764188760541,-1.36764188760541,12,1,1,10,6
"Oral Roberts",NA,NA,NA,NA,NA,NA,NA,NA,NA,NA,250,290,301,311,313,300,299,300,300,NA,NA,NA,NA,NA,NA,NA,NA,NA,NA,-1.22571101454991,-1.22571101454991,-1.35255215620357,-1.99836376826795,-2.20539552950535,-1.54123446459754,-1.73301606469192,-1.73301606469192,-1.73301606469192,15,2,1,12,15
"Delaware St.",NA,NA,NA,NA,NA,NA,NA,NA,NA,NA,252,300,308,310,312,313,313,313,313,NA,NA,NA,NA,NA,NA,NA,NA,NA,NA,-1.40738702310054,-1.84126032709523,-1.84126032709523,-1.84126032709523,-2.04774242109255,-2.04774242109255,-2.04774242109255,-2.04774242109255,-2.04774242109255,6,0,0,6,4
"Western Ill.",NA,NA,NA,NA,NA,NA,NA,NA,NA,NA,253,302,310,301,301,298,298,299,299,NA,NA,NA,NA,NA,NA,NA,NA,NA,NA,-1.48545980904706,-1.92294678182277,-2.11831556822432,-1.47250395615994,-1.47250395615994,-1.52681042196448,-1.60970760965973,-1.60970760965973,-1.60970760965973,16,2,1,13,10
"Chicago St.",NA,NA,NA,NA,NA,NA,NA,NA,NA,NA,254,301,312,314,316,316,318,318,318,NA,NA,NA,NA,NA,NA,NA,NA,NA,NA,-1.58669909775654,-1.87930791825702,-2.6406069307196,-2.77398907126799,-3.05835891047679,-3.11241647255488,-3.17901998630253,-3.17901998630253,-3.17901998630253,17,0,0,17,7
"New Mexico",NA,NA,NA,NA,NA,NA,NA,NA,NA,NA,NA,44,34,14,48,20,21,15,34,NA,NA,NA,NA,NA,NA,NA,NA,NA,NA,NA,0.750356653817026,0.939085692642283,1.43802059923563,1.05942566660463,1.45352018023137,1.61483690067383,1.78989392915541,1.31153693952073,13,10,1,2,31
"Western Mich.",NA,NA,NA,NA,NA,NA,NA,NA,NA,NA,NA,49,61,117,143,91,62,58,56,NA,NA,NA,NA,NA,NA,NA,NA,NA,NA,NA,0.701669260664542,0.701669260664542,0.337012109897134,0.1020624813346,0.582510987202347,0.932128227034567,0.932128227034567,0.932128227034567,10,6,2,2,15
"Central Conn. St.",NA,NA,NA,NA,NA,NA,NA,NA,NA,NA,NA,53,67,80,49,37,26,16,30,NA,NA,NA,NA,NA,NA,NA,NA,NA,NA,NA,0.642929873854551,0.642929873854551,0.642929873854551,1.05005608995724,1.18869125966236,1.47070485579352,1.75622970616744,1.36511390091403,8,7,0,1,19
"Bowling Green",NA,NA,NA,NA,NA,NA,NA,NA,NA,NA,NA,55,96,47,30,34,41,27,27,NA,NA,NA,NA,NA,NA,NA,NA,NA,NA,NA,0.636364273948353,0.410381188862898,0.913124747052831,1.27410128104311,1.27410128104311,1.27410128104311,1.44099888420465,1.44099888420465,8,6,1,1,17
"Buffalo",NA,NA,NA,NA,NA,NA,NA,NA,NA,NA,NA,63,49,44,37,38,34,33,31,NA,NA,NA,NA,NA,NA,NA,NA,NA,NA,NA,0.527754978723903,0.753738063809358,0.927205514954909,1.17798716461556,1.17798716461556,1.3640060037434,1.3640060037434,1.3640060037434,8,6,1,1,17
"Southeast Mo. St.",NA,NA,NA,NA,NA,NA,NA,NA,NA,NA,NA,64,45,40,68,150,141,119,119,NA,NA,NA,NA,NA,NA,NA,NA,NA,NA,NA,0.523253592262455,0.814751491633844,0.973874909739485,0.740582127124749,0.145184755707265,0.145184755707265,0.366959897284579,0.366959897284579,12,7,1,4,17
"Monmouth",NA,NA,NA,NA,NA,NA,NA,NA,NA,NA,NA,69,86,64,87,90,46,44,41,NA,NA,NA,NA,NA,NA,NA,NA,NA,NA,NA,0.493166985101586,0.493166985101586,0.714286743574631,0.591716741883469,0.591716741883469,1.17482779736383,1.17482779736383,1.17482779736383,8,5,2,1,14
"Rider",NA,NA,NA,NA,NA,NA,NA,NA,NA,NA,NA,70,87,94,129,84,67,64,63,NA,NA,NA,NA,NA,NA,NA,NA,NA,NA,NA,0.493166985101586,0.493166985101586,0.493166985101586,0.265113875297045,0.680958112816778,0.845413362346589,0.845413362346589,0.845413362346589,7,4,2,1,14
"San Diego St.",NA,NA,NA,NA,NA,NA,NA,NA,NA,NA,NA,71,64,54,43,62,45,52,50,NA,NA,NA,NA,NA,NA,NA,NA,NA,NA,NA,0.490142354627979,0.68138176737468,0.864555679025804,1.09836006799567,0.826222187449016,1.19481179132263,1.01975476284105,1.01975476284105,11,8,0,3,27
"Delaware",NA,NA,NA,NA,NA,NA,NA,NA,NA,NA,NA,79,145,175,221,235,210,208,208,NA,NA,NA,NA,NA,NA,NA,NA,NA,NA,NA,0.442601099006221,0.0756386613935122,-0.151704076294931,-0.5190891276676,-0.72533696491143,-0.451013790382132,-0.451013790382132,-0.451013790382132,7,3,0,4,8
"Army West Point",NA,NA,NA,NA,NA,NA,NA,NA,NA,NA,NA,81,70,35,38,39,74,73,72,NA,NA,NA,NA,NA,NA,NA,NA,NA,NA,NA,0.40266915716188,0.599709367376037,1.05595541106654,1.16923097448798,1.16923097448798,0.765682895994832,0.765682895994832,0.765682895994832,5,4,0,1,10
"Fresno St.",NA,NA,NA,NA,NA,NA,NA,NA,NA,NA,NA,82,40,119,170,114,99,94,89,NA,NA,NA,NA,NA,NA,NA,NA,NA,NA,NA,0.40266915716188,0.845893200633486,0.327508807653994,-0.0361882208482166,0.396370452821653,0.545273823737152,0.545273823737152,0.545273823737152,10,6,1,3,17
"Kent St.",NA,NA,NA,NA,NA,NA,NA,NA,NA,NA,NA,89,166,248,268,256,279,277,277,NA,NA,NA,NA,NA,NA,NA,NA,NA,NA,NA,0.364433388783351,-0.0551813972816578,-0.72180421139154,-0.984055603197238,-0.984055603197238,-1.18298142724061,-1.18298142724061,-1.18298142724061,7,2,0,5,5
"Furman",NA,NA,NA,NA,NA,NA,NA,NA,NA,NA,NA,98,42,31,27,29,28,17,28,NA,NA,NA,NA,NA,NA,NA,NA,NA,NA,NA,0.326451205191084,0.840637608745118,1.10466467891767,1.29594561872691,1.29594561872691,1.44789679733608,1.75601013558319,1.43439182666492,11,8,2,1,17
"Quinnipiac",NA,NA,NA,NA,NA,NA,NA,NA,NA,NA,NA,100,115,151,115,92,120,120,120,NA,NA,NA,NA,NA,NA,NA,NA,NA,NA,NA,0.304437624024668,0.304437624024668,0.00831042433769946,0.358933535833403,0.57867761567219,0.356064565763103,0.356064565763103,0.356064565763103,7,4,1,2,9
"Colorado Col.",NA,NA,NA,NA,NA,NA,NA,NA,NA,NA,NA,103,94,114,93,127,121,122,122,NA,NA,NA,NA,NA,NA,NA,NA,NA,NA,NA,0.284730091603837,0.44647140393305,0.344644129090192,0.551343673000203,0.334646667345253,0.334646667345253,0.334646667345253,0.334646667345253,8,4,2,2,8
"Niagara",NA,NA,NA,NA,NA,NA,NA,NA,NA,NA,NA,104,116,124,125,140,155,157,157,NA,NA,NA,NA,NA,NA,NA,NA,NA,NA,NA,0.284730091603837,0.284730091603837,0.284730091603837,0.284730091603837,0.257069743160978,0.0740428799712933,0.0740428799712933,0.0740428799712933,4,2,0,2,7
"Binghamton",NA,NA,NA,NA,NA,NA,NA,NA,NA,NA,NA,111,171,165,132,82,66,62,62,NA,NA,NA,NA,NA,NA,NA,NA,NA,NA,NA,0.240798991672718,-0.0799098359849301,-0.0799098359849301,0.204698090410593,0.693146180631175,0.854493580854036,0.856787265061578,0.856787265061578,8,6,0,2,11
"Loyola Maryland",NA,NA,NA,NA,NA,NA,NA,NA,NA,NA,NA,113,95,102,156,144,134,165,165,NA,NA,NA,NA,NA,NA,NA,NA,NA,NA,NA,0.23726436570744,0.429524110938845,0.429524110938845,0.0332066861050163,0.225029464568943,0.225029464568943,-0.00196816159731589,-0.00196816159731589,6,3,1,2,4
"Lehigh",NA,NA,NA,NA,NA,NA,NA,NA,NA,NA,NA,116,150,150,159,183,189,190,190,NA,NA,NA,NA,NA,NA,NA,NA,NA,NA,NA,0.215269908396163,0.0182296981820061,0.0182296981820061,0.0182296981820061,-0.210990556715746,-0.210990556715746,-0.210990556715746,-0.210990556715746,6,1,3,2,3
"UNLV",NA,NA,NA,NA,NA,NA,NA,NA,NA,NA,NA,119,109,136,98,67,144,148,148,NA,NA,NA,NA,NA,NA,NA,NA,NA,NA,NA,0.194364170691852,0.348297912108983,0.165124000457859,0.525936677791211,0.798074558337865,0.129488667560508,0.129488667560508,0.129488667560508,10,5,1,4,15
"Central Mich.",NA,NA,NA,NA,NA,NA,NA,NA,NA,NA,NA,134,117,49,78,126,129,130,130,NA,NA,NA,NA,NA,NA,NA,NA,NA,NA,NA,0.0516356795093063,0.272925311286553,0.897960617027166,0.649943936388947,0.338425219880262,0.265904828982745,0.265904828982745,0.265904828982745,9,5,0,4,15
"Ball St.",NA,NA,NA,NA,NA,NA,NA,NA,NA,NA,NA,137,147,88,63,111,75,88,84,NA,NA,NA,NA,NA,NA,NA,NA,NA,NA,NA,0.0375320361191984,0.0375320361191984,0.567846722252731,0.815863402890949,0.423550963673968,0.765186545436908,0.59828894227537,0.59828894227537,10,6,1,3,13
"NIU",NA,NA,NA,NA,NA,NA,NA,NA,NA,NA,NA,148,232,279,296,301,302,303,303,NA,NA,NA,NA,NA,NA,NA,NA,NA,NA,NA,-0.00193731242278705,-0.528732247666971,-1.01780906787544,-1.40726865734013,-1.58455494891061,-1.80541161090387,-1.80541161090387,-1.80541161090387,10,1,0,9,4
"Wyoming",NA,NA,NA,NA,NA,NA,NA,NA,NA,NA,NA,155,219,216,265,198,231,230,230,NA,NA,NA,NA,NA,NA,NA,NA,NA,NA,NA,-0.0419197603192767,-0.442975565694529,-0.442975565694529,-0.963177398686395,-0.330698227234258,-0.66178328019309,-0.66178328019309,-0.66178328019309,9,2,0,7,7
"Wofford",NA,NA,NA,NA,NA,NA,NA,NA,NA,NA,NA,159,119,209,224,219,218,217,217,NA,NA,NA,NA,NA,NA,NA,NA,NA,NA,NA,-0.0632083894969497,0.246438898951009,-0.368546116921288,-0.539712953588671,-0.539712953588671,-0.539712953588671,-0.539712953588671,-0.539712953588671,9,3,2,4,10
"Alabama A&M",NA,NA,NA,NA,NA,NA,NA,NA,NA,NA,NA,169,200,189,120,152,143,147,147,NA,NA,NA,NA,NA,NA,NA,NA,NA,NA,NA,-0.138961103903355,-0.307381812755301,-0.225766773528992,0.336432989786872,0.138458676908118,0.138458676908118,0.138458676908118,0.138458676908118,7,4,0,3,8
"Eastern Mich.",NA,NA,NA,NA,NA,NA,NA,NA,NA,NA,NA,179,112,141,112,69,100,98,94,NA,NA,NA,NA,NA,NA,NA,NA,NA,NA,NA,-0.201669260664543,0.325125674579642,0.1380583215285,0.373007950091033,0.773676891519437,0.533809920290383,0.533809920290383,0.533809920290383,9,6,0,3,17
"American",NA,NA,NA,NA,NA,NA,NA,NA,NA,NA,NA,180,189,240,261,270,276,275,275,NA,NA,NA,NA,NA,NA,NA,NA,NA,NA,NA,-0.215269908396163,-0.215269908396163,-0.671515952086665,-0.90863347913168,-1.10045625759561,-1.10045625759561,-1.10045625759561,-1.10045625759561,5,0,1,4,1
"Colorado St.",NA,NA,NA,NA,NA,NA,NA,NA,NA,NA,NA,186,192,192,174,234,255,255,255,NA,NA,NA,NA,NA,NA,NA,NA,NA,NA,NA,-0.250356653817026,-0.250356653817026,-0.250356653817026,-0.0855907841020419,-0.718069955554179,-0.897778509074935,-0.897778509074935,-0.897778509074935,7,2,1,4,6
"Boise St.",NA,NA,NA,NA,NA,NA,NA,NA,NA,NA,NA,190,155,84,73,162,148,151,151,NA,NA,NA,NA,NA,NA,NA,NA,NA,NA,NA,-0.274872446231816,-0.00344689100236029,0.590924732124239,0.695267272055182,0.057866552225839,0.119215606175196,0.119215606175196,0.119215606175196,10,5,1,4,10
"Air Force",NA,NA,NA,NA,NA,NA,NA,NA,NA,NA,NA,193,162,255,231,267,274,273,273,NA,NA,NA,NA,NA,NA,NA,NA,NA,NA,NA,-0.284730091603837,-0.045415598557798,-0.782769734221947,-0.634033314855076,-1.09062341692249,-1.09062341692249,-1.09062341692249,-1.09062341692249,8,2,0,6,3
"Canisius",NA,NA,NA,NA,NA,NA,NA,NA,NA,NA,NA,194,223,244,220,286,285,283,283,NA,NA,NA,NA,NA,NA,NA,NA,NA,NA,NA,-0.284730091603837,-0.472471748289412,-0.693591506762457,-0.518983274899925,-1.27244772099299,-1.27244772099299,-1.27244772099299,-1.27244772099299,7,1,0,6,6
"Richmond",NA,NA,NA,NA,NA,NA,NA,NA,NA,NA,NA,195,233,226,171,214,269,268,268,NA,NA,NA,NA,NA,NA,NA,NA,NA,NA,NA,-0.288072550813145,-0.533297863891226,-0.533297863891226,-0.043864312511828,-0.479576673897845,-1.03182612393674,-1.03182612393674,-1.03182612393674,8,1,1,6,6
"Marist",NA,NA,NA,NA,NA,NA,NA,NA,NA,NA,NA,198,199,199,201,197,197,197,197,NA,NA,NA,NA,NA,NA,NA,NA,NA,NA,NA,-0.304437624024668,-0.304437624024668,-0.304437624024668,-0.304437624024668,-0.304437624024668,-0.304437624024668,-0.304437624024668,-0.304437624024668,1,0,0,1,1
"Duquesne",NA,NA,NA,NA,NA,NA,NA,NA,NA,NA,NA,207,208,181,214,233,175,176,176,NA,NA,NA,NA,NA,NA,NA,NA,NA,NA,NA,-0.356153590950897,-0.356153590950897,-0.198843160390843,-0.435407346285474,-0.705927571325238,-0.10013482701267,-0.10013482701267,-0.10013482701267,9,3,1,5,7
"Boston U.",NA,NA,NA,NA,NA,NA,NA,NA,NA,NA,NA,215,160,126,128,138,128,169,170,NA,NA,NA,NA,NA,NA,NA,NA,NA,NA,NA,-0.40266915716188,-0.0438093254116519,0.266011470790565,0.266011470790565,0.266011470790565,0.266011470790565,-0.0263247415993566,-0.0263247415993566,5,2,1,2,4
"San Jose St.",NA,NA,NA,NA,NA,NA,NA,NA,NA,NA,NA,216,297,294,302,248,267,266,266,NA,NA,NA,NA,NA,NA,NA,NA,NA,NA,NA,-0.40266915716188,-1.19106635479732,-1.26705358494443,-1.49797362274543,-0.862442253467991,-1.01134562438349,-1.01134562438349,-1.01134562438349,10,2,1,7,6
"Green Bay",NA,NA,NA,NA,NA,NA,NA,NA,NA,NA,NA,217,164,187,258,250,251,251,251,NA,NA,NA,NA,NA,NA,NA,NA,NA,NA,NA,-0.409468310106346,-0.0527794769614658,-0.217627302668709,-0.870050260381312,-0.870050260381312,-0.870050260381312,-0.870050260381312,-0.870050260381312,6,1,1,4,9
"Nevada",NA,NA,NA,NA,NA,NA,NA,NA,NA,NA,NA,218,254,243,246,280,262,262,262,NA,NA,NA,NA,NA,NA,NA,NA,NA,NA,NA,-0.409634079088015,-0.681059634317471,-0.681059634317471,-0.785402174248414,-1.21609149736638,-0.977444264411994,-0.977444264411994,-0.977444264411994,10,1,2,7,9
"Ohio",NA,NA,NA,NA,NA,NA,NA,NA,NA,NA,NA,219,172,139,190,242,236,234,234,NA,NA,NA,NA,NA,NA,NA,NA,NA,NA,NA,-0.427927380450604,-0.0911348746187812,0.143052799727145,-0.217923734263138,-0.816232010195989,-0.729160330336354,-0.729160330336354,-0.729160330336354,10,3,0,7,9
"Utah St.",NA,NA,NA,NA,NA,NA,NA,NA,NA,NA,NA,225,249,201,150,124,80,82,79,NA,NA,NA,NA,NA,NA,NA,NA,NA,NA,NA,-0.458080239680723,-0.64680927850598,-0.306562774592323,0.0720321580386783,0.351224752134309,0.700701638171435,0.700701638171435,0.700701638171435,10,5,1,4,16
"Miami (OH)",NA,NA,NA,NA,NA,NA,NA,NA,NA,NA,NA,226,158,162,203,173,209,206,206,NA,NA,NA,NA,NA,NA,NA,NA,NA,NA,NA,-0.458294795516229,-0.0386800094512204,-0.0668585648374748,-0.317640214498129,-0.092537383616505,-0.428537902696814,-0.428537902696814,-0.428537902696814,8,4,0,4,10
"Fairfield",NA,NA,NA,NA,NA,NA,NA,NA,NA,NA,NA,233,228,223,180,145,162,162,162,NA,NA,NA,NA,NA,NA,NA,NA,NA,NA,NA,-0.493166985101586,-0.493166985101586,-0.493166985101586,-0.150494262313322,0.184655374297809,0.00718423191621909,0.00718423191621909,0.00718423191621909,6,2,1,3,10
"Iona",NA,NA,NA,NA,NA,NA,NA,NA,NA,NA,NA,234,229,224,283,249,250,250,250,NA,NA,NA,NA,NA,NA,NA,NA,NA,NA,NA,-0.493166985101586,-0.493166985101586,-0.493166985101586,-1.19676291584246,-0.863219062807454,-0.863219062807454,-0.863219062807454,-0.863219062807454,5,1,1,3,4
"Toledo",NA,NA,NA,NA,NA,NA,NA,NA,NA,NA,NA,248,269,270,223,218,233,232,232,NA,NA,NA,NA,NA,NA,NA,NA,NA,NA,NA,-0.587230403205718,-0.808520034982965,-0.923068702830095,-0.533609113365406,-0.533609113365406,-0.691617910840732,-0.691617910840732,-0.691617910840732,7,1,1,5,8
"Akron",NA,NA,NA,NA,NA,NA,NA,NA,NA,NA,NA,255,283,290,263,220,196,195,195,NA,NA,NA,NA,NA,NA,NA,NA,NA,NA,NA,-0.642330465488774,-0.979122971320597,-1.19472028550587,-0.932468893700173,-0.559263448648947,-0.297427624512733,-0.297427624512733,-0.297427624512733,9,3,1,5,8
"Montana",NA,NA,NA,NA,NA,NA,NA,NA,NA,NA,NA,NA,103,107,99,52,60,45,59,NA,NA,NA,NA,NA,NA,NA,NA,NA,NA,NA,NA,0.390112507136917,0.390112507136917,0.522382467632315,1.01624416693211,0.952902847473211,1.15244221017628,0.897074910819064,10,8,0,2,18
"Holy Cross",NA,NA,NA,NA,NA,NA,NA,NA,NA,NA,NA,NA,125,170,186,238,240,238,238,NA,NA,NA,NA,NA,NA,NA,NA,NA,NA,NA,NA,0.215269908396163,-0.0945508878060535,-0.207826451227495,-0.746975918937219,-0.746975918937219,-0.746975918937219,-0.746975918937219,4,1,0,3,3
"Manhattan",NA,NA,NA,NA,NA,NA,NA,NA,NA,NA,NA,NA,128,97,104,151,166,167,168,NA,NA,NA,NA,NA,NA,NA,NA,NA,NA,NA,NA,0.187741656685575,0.483868856372544,0.479559318794713,0.145110916991022,-0.0193443325387888,-0.0193443325387888,-0.0193443325387888,6,3,0,3,10
"St. Bonaventure",NA,NA,NA,NA,NA,NA,NA,NA,NA,NA,NA,NA,175,260,266,283,304,305,305,NA,NA,NA,NA,NA,NA,NA,NA,NA,NA,NA,NA,-0.108347304211501,-0.808064866963638,-0.964022101630379,-1.23584078691803,-1.8416335312306,-1.8416335312306,-1.8416335312306,8,0,0,8,1
"Bucknell",NA,NA,NA,NA,NA,NA,NA,NA,NA,NA,NA,NA,183,180,153,193,194,193,193,NA,NA,NA,NA,NA,NA,NA,NA,NA,NA,NA,NA,-0.192259745231405,-0.192259745231405,0.0448577818136094,-0.287452323638093,-0.287452323638093,-0.287452323638093,-0.287452323638093,4,1,1,2,1
"Lafayette",NA,NA,NA,NA,NA,NA,NA,NA,NA,NA,NA,NA,190,135,136,147,140,143,143,NA,NA,NA,NA,NA,NA,NA,NA,NA,NA,NA,NA,-0.215269908396163,0.165233864064163,0.165233864064163,0.165233864064163,0.165233864064163,0.165233864064163,0.165233864064163,3,1,1,1,5
"Elon",NA,NA,NA,NA,NA,NA,NA,NA,NA,NA,NA,NA,215,177,245,222,182,90,105,NA,NA,NA,NA,NA,NA,NA,NA,NA,NA,NA,NA,-0.384730043778574,-0.165137675938098,-0.770020955649658,-0.571962298363715,-0.159875430837251,0.589970379828437,0.45310172554729,9,5,0,4,7
"Vermont",NA,NA,NA,NA,NA,NA,NA,NA,NA,NA,NA,NA,227,232,202,227,229,246,246,NA,NA,NA,NA,NA,NA,NA,NA,NA,NA,NA,NA,-0.493038936728327,-0.619085170098389,-0.306703183232877,-0.637516030476959,-0.637516030476959,-0.849171028378774,-0.849171028378774,6,1,1,4,5
"Portland St.",NA,NA,NA,NA,NA,NA,NA,NA,NA,NA,NA,NA,251,309,311,311,315,315,315,NA,NA,NA,NA,NA,NA,NA,NA,NA,NA,NA,NA,-0.656063300629145,-1.79541041153243,-1.92768037202783,-1.92768037202783,-2.24102641384783,-2.24102641384783,-2.24102641384783,8,0,0,8,4
"SMU",NA,NA,NA,NA,NA,NA,NA,NA,NA,NA,NA,NA,NA,143,146,158,152,154,154,NA,NA,NA,NA,NA,NA,NA,NA,NA,NA,NA,NA,NA,0.0960469826347941,0.0960469826347941,0.0960469826347941,0.0960469826347941,0.0960469826347941,0.0960469826347941,2,1,0,1,5
"Idaho St.",NA,NA,NA,NA,NA,NA,NA,NA,NA,NA,NA,NA,NA,242,257,282,296,295,295,NA,NA,NA,NA,NA,NA,NA,NA,NA,NA,NA,NA,NA,-0.677586291103711,-0.869983856183,-1.22255329721776,-1.53978346244498,-1.53978346244498,-1.53978346244498,8,0,1,7,4
"Siena",NA,NA,NA,NA,NA,NA,NA,NA,NA,NA,NA,NA,NA,NA,59,43,50,47,116,NA,NA,NA,NA,NA,NA,NA,NA,NA,NA,NA,NA,NA,NA,0.873616302896109,1.09984738098212,1.09984738098212,1.09984738098212,0.385925830921982,6,4,1,1,13
"Saint Peter's",NA,NA,NA,NA,NA,NA,NA,NA,NA,NA,NA,NA,NA,NA,235,269,275,274,274,NA,NA,NA,NA,NA,NA,NA,NA,NA,NA,NA,NA,NA,NA,-0.682991789228199,-1.09793147797925,-1.09793147797925,-1.09793147797925,-1.09793147797925,4,0,0,4,4
"Southern Ind.",NA,NA,NA,NA,NA,NA,NA,NA,NA,NA,NA,NA,NA,NA,NA,NA,136,139,139,NA,NA,NA,NA,NA,NA,NA,NA,NA,NA,NA,NA,NA,NA,NA,NA,0.215269908396163,0.215269908396163,0.215269908396163,1,1,0,0,1
"Lindenwood",NA,NA,NA,NA,NA,NA,NA,NA,NA,NA,NA,NA,NA,NA,NA,NA,190,191,191,NA,NA,NA,NA,NA,NA,NA,NA,NA,NA,NA,NA,NA,NA,NA,NA,-0.215269908396163,-0.215269908396163,-0.215269908396163,1,0,0,1,0
