"team_market.x","rank_Poll_1","rank_Poll_2","rank_Poll_3","rank_Poll_4","rank_Poll_5","rank_Poll_6","rank_Poll_7","rating_Poll_1","rating_Poll_2","rating_Poll_3","rating_Poll_4","rating_Poll_5","rating_Poll_6","rating_Poll_7","n_Poll_1","n_Poll_2","n_Poll_3","n_Poll_4","n_Poll_5","n_Poll_6","n_Poll_7","wins_Poll_1","wins_Poll_2","wins_Poll_3","wins_Poll_4","wins_Poll_5","wins_Poll_6","wins_Poll_7","losses_Poll_1","losses_Poll_2","losses_Poll_3","losses_Poll_4","losses_Poll_5","losses_Poll_6","losses_Poll_7","draws_Poll_1","draws_Poll_2","draws_Poll_3","draws_Poll_4","draws_Poll_5","draws_Poll_6","draws_Poll_7","total_goals_Poll_1","total_goals_Poll_2","total_goals_Poll_3","total_goals_Poll_4","total_goals_Poll_5","total_goals_Poll_6","total_goals_Poll_7"
"Washington",1,1,1,1,1,1,1,2.93653203958962,3.11970806333475,2.9962009868587,3.20951362541402,3.35007424665387,3.48435891524274,3.67140491954415,2,4,5,7,8,10,12,2,4,4,6,7,9,11,0,0,0,0,0,0,0,0,0,1,1,1,1,1,5,12,13,21,25,28,32
"Pittsburgh",2,3,3,3,3,6,7,2.85456558602821,2.78373282508064,2.88267071098231,2.92371144932188,2.7924242837841,2.62640521081281,2.58434543803246,2,4,5,7,8,9,11,2,3,4,5,5,5,5,0,1,1,1,2,3,3,0,0,0,1,1,1,3,5,11,12,18,19,20,23
"Georgetown",3,5,6,13,13,13,13,2.70243601523831,2.72336847014672,2.53928197152065,2.06757972437716,2.12713752154893,2.22531735241362,2.20999290292716,2,4,5,7,8,9,11,0,1,1,1,2,3,4,1,1,2,4,4,4,4,1,2,2,2,2,2,3,2,8,9,10,12,13,17
"Kentucky",4,2,2,2,2,2,2,2.67636050153256,2.93394265750878,2.91805825505153,2.98943618778101,3.21506091918824,3.34073282451247,3.37456428421234,2,4,5,7,8,9,10,2,4,4,5,6,7,8,0,0,0,0,0,0,0,0,0,1,2,2,2,2,3,9,10,14,19,22,28
"Clemson",5,4,4,4,7,7,8,2.62060230771243,2.72549971829346,2.84125751571504,2.70839807373499,2.52188224589938,2.57399119376414,2.43382295387267,2,4,6,8,9,10,12,2,4,6,7,7,8,8,0,0,0,1,2,2,3,0,0,0,0,0,0,1,5,10,14,19,20,21,23
"Missouri St.",6,6,5,5,6,4,4,2.56471338053105,2.58991193990766,2.70274130895379,2.56637183919308,2.5944533214783,2.66723023142803,2.84474783959137,2,4,5,7,8,9,10,1,2,3,4,5,6,7,0,0,0,1,1,1,1,1,2,2,2,2,2,2,4,7,9,16,20,23,25
"Oregon St.",7,10,13,12,12,15,17,2.38986688006264,2.16021518737768,2.00172248148761,2.22612321719571,2.22612321719571,2.07538471206928,1.94354569251582,2,3,4,6,6,8,10,1,1,1,3,3,4,4,0,1,2,2,2,3,3,1,1,1,1,1,1,3,2,2,3,6,6,7,10
"Hofstra",8,13,12,10,10,8,5,2.17572572299741,2.05363028116429,2.21522788772186,2.32548777621293,2.29906076745883,2.45201182671072,2.70497343719823,2,3,5,7,8,10,12,1,1,3,5,5,7,9,1,2,2,2,2,2,2,0,0,0,0,1,1,1,2,3,7,10,10,18,24
"Campbell",9,12,22,35,35,33,26,2.1284498694319,2.11547671924952,1.60690467919732,1.30474946588795,1.35189320204481,1.43393679860471,1.62182056562624,2,4,5,7,9,10,12,2,3,3,3,4,5,7,0,0,1,2,2,2,2,0,1,1,2,3,3,3,6,9,9,12,15,20,28
"New Hampshire",10,9,10,8,5,3,3,2.1272980994791,2.18677473086369,2.26755395446524,2.33976003690875,2.62689209843278,2.71983038520606,2.84844500871444,2,3,5,6,8,9,11,0,1,2,3,5,6,8,2,2,3,3,3,3,3,0,0,0,0,0,0,0,1,2,5,6,14,16,19
"UNC Greensboro",11,7,8,7,11,9,6,2.08478005208886,2.41023901611981,2.30630890293387,2.36142287766957,2.24139882544466,2.36530196327434,2.64033111762539,2,4,6,7,9,10,13,2,4,4,5,5,6,9,0,0,0,0,1,1,1,0,0,2,2,3,3,3,7,17,19,21,22,27,32
"Wake Forest",12,11,7,6,4,5,12,1.99572349597593,2.15626434898162,2.36688691953447,2.53731354046942,2.73150956561663,2.64891702945617,2.21190946049073,2,4,6,8,9,11,13,2,4,6,8,9,10,10,0,0,0,0,0,1,3,0,0,0,0,0,0,0,3,10,15,22,28,31,32
"Tulsa",13,8,9,9,8,11,15,1.91331149703654,2.25641204169088,2.28750288932161,2.32923703196253,2.49506070499264,2.28648946020243,2.14665133741303,1,3,4,6,7,8,10,1,3,3,4,5,5,6,0,0,0,1,1,1,2,0,0,1,1,1,2,2,4,12,13,16,18,18,22
"Marshall",14,14,11,11,9,10,9,1.91234880896672,2.04354729028037,2.25446455293064,2.28769517131446,2.35063928996941,2.32598097249117,2.39652885339289,2,3,5,6,7,9,10,1,2,4,4,5,6,7,1,1,1,1,1,1,1,0,0,0,1,1,2,2,5,7,17,18,19,22,25
"Saint Louis",15,15,18,17,18,17,16,1.90282948919986,1.98128233519876,1.8058342047265,1.86472728894527,1.87074537108093,2.01341159264031,1.99051031529171,2,3,5,6,8,9,11,0,1,2,3,4,5,6,2,2,3,3,3,3,4,0,0,0,0,1,1,1,2,5,9,12,14,16,20
"Grand Canyon",16,21,23,22,30,37,38,1.87216053833274,1.70116169291751,1.60000165679754,1.60451113388856,1.47110242521605,1.27606675402396,1.34020078657651,2,4,6,7,8,10,12,1,2,3,3,3,3,4,1,2,3,3,4,5,5,0,0,0,1,1,2,3,2,6,8,10,11,14,16
"West Virginia",17,16,21,26,38,40,36,1.82978600804336,1.88732381747435,1.62393067447778,1.47761972928524,1.24987571827178,1.1948414702852,1.4415214918142,2,4,5,7,9,10,12,1,2,2,2,2,2,4,1,2,3,4,6,6,6,0,0,0,1,1,2,2,1,7,8,9,10,10,17
"Duke",18,19,15,15,14,14,14,1.67574511646619,1.80897612625479,1.89905047492596,1.95667160258723,2.02724839131619,2.22434310850976,2.20431004287941,2,3,4,6,8,10,11,2,3,4,5,6,8,8,0,0,0,0,0,0,0,0,0,0,1,2,2,3,5,8,10,12,14,19,19
"NIU",19,22,28,30,40,53,47,1.64451488937471,1.62590566084781,1.39195968598877,1.41899630229309,1.22279142737711,0.994584129874476,1.0689125732995,2,4,6,7,8,10,12,1,2,2,3,3,3,4,1,1,2,2,3,4,4,0,1,2,2,2,3,4,4,9,10,11,11,12,15
"Indiana",20,20,14,18,19,21,19,1.6366119076161,1.71810314106101,1.90382920758526,1.80656364768551,1.782280754777,1.76144454529416,1.82777708340075,2,3,4,6,8,9,11,0,1,2,3,4,4,5,1,1,1,2,2,2,2,1,1,1,1,2,3,4,5,6,8,11,16,18,21
"FIU",21,17,19,16,17,18,18,1.62797769031526,1.84952871478683,1.68311982173493,1.87190837789825,1.87443921748872,1.96944208033048,1.8764762402854,2,4,5,6,8,9,11,1,3,3,4,5,6,7,1,1,2,2,3,3,4,0,0,0,0,0,0,0,4,8,8,11,16,19,23
"LMU (CA)",22,27,34,34,24,26,25,1.61811468009408,1.37194903054711,1.28251540357593,1.3082825563256,1.51529862881001,1.61429998804172,1.67224824733747,2,4,6,8,10,11,12,2,2,3,4,6,7,8,0,1,2,2,2,2,2,0,1,1,2,2,2,2,5,6,8,11,14,17,18
"North Carolina",23,25,27,31,26,32,22,1.5429974812436,1.41331106712415,1.40405521827488,1.40049782505721,1.51309347728613,1.45728852064104,1.73016971734308,2,3,5,7,8,9,11,2,2,3,3,4,4,6,0,1,2,2,2,3,3,0,0,0,2,2,2,2,3,4,5,6,7,7,10
"Stanford",24,18,16,21,20,19,20,1.51402802305638,1.84024023370071,1.83833900421542,1.64604088982513,1.74489888140788,1.89494846561149,1.7713092935827,2,4,5,7,8,9,11,2,4,4,4,5,6,6,0,0,0,0,0,0,1,0,0,1,3,3,3,4,4,11,12,12,14,19,21
"Belmont",25,34,32,29,27,30,41,1.43988957954752,1.25151467571704,1.32214539577386,1.44068040915884,1.50771342708339,1.4718506606252,1.21794259456117,2,4,5,7,8,9,11,1,1,2,4,5,5,5,0,1,1,1,1,1,2,1,2,2,2,2,3,4,3,3,5,9,10,13,13
"Georgia St.",26,23,17,14,29,29,31,1.41922495492082,1.62227540386694,1.81216908592468,1.95925133773499,1.49708739223082,1.52414729054243,1.52681838490112,2,4,6,7,9,10,12,1,3,5,6,6,7,8,0,0,0,0,2,2,2,1,1,1,1,1,1,2,2,10,13,16,17,21,26
"LIU",27,37,39,28,23,22,35,1.391587603981,1.13487763060132,1.18483578487418,1.44604398290396,1.52228970620893,1.71645641765363,1.48235116535824,2,3,5,8,9,11,12,2,2,3,6,7,9,9,0,1,2,2,2,2,2,0,0,0,0,0,0,1,3,4,8,16,17,22,24
"Lipscomb",28,24,20,20,15,12,11,1.34397813046192,1.49425487928733,1.6247527533013,1.65304385072798,1.96679017090758,2.24407223832995,2.24407223832995,2,4,5,7,9,11,11,2,3,4,5,7,9,9,0,0,0,1,1,1,1,0,1,1,1,1,1,1,8,10,14,18,23,29,29
"UC Santa Barbara",29,33,25,23,25,23,28,1.2796020004134,1.270577976422,1.568333063145,1.57387377077344,1.5135678015063,1.67008267453193,1.57033905684668,2,4,6,7,9,11,13,1,2,4,4,5,7,7,0,1,1,1,2,2,2,1,1,1,2,2,2,4,3,6,14,16,19,24,24
"Seattle U",30,38,42,58,69,80,82,1.24846313417284,1.1287189465337,1.08884198210696,0.840013250758453,0.691249502073713,0.507757296046778,0.507757296046778,2,3,4,6,7,9,9,1,1,1,1,1,2,2,1,2,2,4,5,6,6,0,0,1,1,1,1,1,3,4,5,5,6,8,8
"Providence",31,30,38,39,41,38,45,1.2105866712186,1.33553152335081,1.1951653805994,1.18562707953463,1.17500867787644,1.26455739278885,1.17055662642961,2,4,6,7,8,9,11,0,1,2,2,2,3,3,1,1,2,2,2,2,3,1,2,2,3,4,4,5,2,7,8,9,11,12,17
"Vermont",32,31,24,19,16,16,10,1.20471403154149,1.32375921113235,1.58651404556227,1.67987059236286,1.93630606998305,2.06182582286141,2.3843141478091,2,4,6,7,9,10,12,1,2,4,5,7,8,10,1,1,1,1,1,1,1,0,1,1,1,1,1,1,1,4,8,10,15,19,26
"Notre Dame",33,35,47,49,46,45,56,1.18653950066759,1.14681484850234,0.970816200504233,1.06720658334743,1.03889560187606,1.08505899247406,0.844436593938967,2,3,4,5,7,8,10,1,1,1,2,3,4,4,1,1,2,2,3,3,5,0,1,1,1,1,1,1,4,5,5,7,11,13,13
"James Madison",34,60,58,54,58,82,77,1.18472393307638,0.732066470163036,0.795575780496201,0.901788781581068,0.891782106011214,0.477615466201216,0.561732395686813,2,4,5,7,8,10,12,1,1,2,3,3,3,4,1,3,3,4,4,6,6,0,0,0,0,1,1,2,3,3,4,7,7,8,12
"Creighton",35,41,46,42,44,41,44,1.1593280569868,1.01236443114363,1.0208254997738,1.16752268338904,1.09402393199193,1.19198602110003,1.18379242272554,2,4,5,7,8,9,10,2,2,2,3,3,4,4,0,1,1,1,2,2,2,0,1,2,3,3,3,4,12,16,17,24,25,28,29
"Denver",36,26,31,38,33,25,33,1.14665251206349,1.37433595277304,1.34283342952951,1.19825358037167,1.38987916527499,1.6163111090651,1.50761386064527,2,4,6,8,9,11,13,2,3,4,4,5,7,7,0,0,1,2,2,2,2,0,1,1,2,2,2,4,5,8,11,12,13,15,17
"Penn St.",37,28,36,32,31,39,37,1.14509366791185,1.34610155162387,1.2475532891617,1.3308002408351,1.44379266304559,1.25295873207979,1.34399692292615,2,4,5,7,8,10,11,0,2,2,3,4,4,5,1,1,2,2,2,3,3,1,1,1,2,2,3,3,1,7,8,12,13,15,19
"Maryland",38,40,35,33,32,24,29,1.12928089933759,1.08075222933587,1.26717889786992,1.32901145195166,1.40371957702526,1.61874386032781,1.53449366646681,2,4,5,7,8,10,11,1,2,3,4,5,7,7,0,1,1,1,1,1,1,1,1,1,2,2,2,3,3,9,11,16,17,21,22
"High Point",39,61,57,60,57,59,60,1.11591199516791,0.721676588617282,0.831663948187712,0.801062088910512,0.8943122819072,0.822015694194565,0.795119795470951,2,4,5,6,7,10,11,1,1,2,2,3,4,4,0,2,2,2,2,3,3,1,1,1,2,2,3,4,2,4,6,7,11,16,16
"Akron",40,29,41,41,45,35,34,1.1011900871234,1.34212644303189,1.12322279957713,1.18106695718215,1.07146310128377,1.39239100752794,1.49884803635966,2,4,6,7,8,10,12,2,4,4,4,4,6,7,0,0,1,1,2,2,2,0,0,1,2,2,2,3,8,15,18,21,21,26,35
"Loyola Chicago",41,42,37,48,39,44,50,1.07408361342838,0.990305353143987,1.2017139187012,1.06909945581593,1.22537424983339,1.09355358026001,1.02881983172837,2,4,6,7,8,9,11,2,2,4,4,5,5,5,0,0,0,1,1,2,2,0,2,2,2,2,2,4,5,5,10,11,15,16,18
"Oral Roberts",42,46,44,44,52,48,43,1.03134345530273,0.879792427259728,1.03397130117039,1.14607338112578,0.953957424717848,1.0469898836787,1.20221524893587,2,4,6,7,8,10,11,0,1,3,4,4,5,6,1,2,2,2,3,3,3,1,1,1,1,1,2,2,1,2,8,10,10,15,18
"Charlotte",43,36,26,24,22,27,32,1.02443429888396,1.14457322208281,1.44738081449619,1.52656769828077,1.60032265349321,1.60032265349321,1.52386067394092,2,3,5,6,8,8,10,2,3,5,6,7,7,7,0,0,0,0,1,1,1,0,0,0,0,0,0,2,7,12,22,25,31,31,34
"Virginia Tech",44,65,77,76,88,90,94,0.983157747532877,0.684782955276319,0.518491138229529,0.535302427623886,0.279857754300047,0.305962124339241,0.174059963632877,2,4,5,7,9,11,12,0,0,0,1,1,2,2,2,3,4,5,7,8,9,0,1,1,1,1,1,1,0,2,4,8,9,11,11
"Bowling Green",45,56,62,56,49,56,55,0.929044844980417,0.791017555142791,0.721657649985838,0.865420820206853,0.979524622708086,0.877085003894032,0.87820580216355,2,4,5,6,8,9,10,0,0,0,1,2,2,2,1,2,2,2,3,4,4,1,2,3,3,3,3,4,0,0,1,4,10,10,11
"Coastal Carolina",46,49,61,62,70,65,58,0.926797359747646,0.85236833413994,0.738162665676611,0.779299009351004,0.681126936188075,0.758110981181268,0.809940529826964,2,4,5,6,8,9,10,2,2,2,2,3,3,3,0,1,2,2,3,3,3,0,1,1,2,2,3,4,8,10,11,11,15,15,17
"St. Francis Brooklyn",47,66,68,64,55,51,51,0.912461958467131,0.680081618646947,0.614020022430688,0.758506287480536,0.908290990890088,1.0199268579656,0.992058074762693,2,4,6,7,8,9,10,1,1,2,3,4,5,5,1,2,3,3,3,3,3,0,1,1,1,1,1,2,3,6,8,11,17,18,19
"American",48,62,65,94,91,85,79,0.864221049949626,0.707664177865147,0.657883793059202,0.15316705741017,0.239101248751691,0.406845853133477,0.536934820950223,2,4,5,7,8,10,12,1,2,2,2,3,4,5,0,1,1,3,3,3,3,1,1,2,2,2,3,4,1,4,5,5,7,9,14
"Santa Clara",49,69,59,57,60,61,63,0.861899464962781,0.55959794905487,0.775749056977512,0.849157555854286,0.824765218514375,0.800997279653227,0.778749416997649,2,3,5,6,7,8,9,0,0,2,3,3,3,3,1,2,2,2,2,2,2,1,1,1,1,2,3,4,0,0,3,6,6,6,8
"Rhode Island",50,53,49,43,48,50,46,0.85852532982754,0.814042763526472,0.917499347496849,1.15513494602004,1.02385394783379,1.02385394783379,1.16465818553333,2,4,5,8,9,9,11,1,1,2,4,4,4,5,0,0,0,0,1,1,1,1,3,3,4,4,4,5,3,6,9,17,17,17,22
"SMU",51,39,30,37,37,34,27,0.83518390363322,1.08744058872189,1.37879805176723,1.21063067207222,1.32120747148902,1.40262575251597,1.57105476004698,2,4,6,7,8,9,11,1,3,4,4,5,6,8,1,1,1,2,2,2,2,0,0,1,1,1,1,1,5,14,17,17,23,27,30
"Loyola Maryland",52,48,53,74,73,75,81,0.808485761968659,0.863316871073453,0.854873227116627,0.556399080156927,0.657992889789636,0.599094329106045,0.515016857373162,2,3,5,7,8,10,12,1,2,2,2,3,3,4,1,1,1,3,3,3,4,0,0,2,2,2,4,4,3,4,5,6,7,9,12
"Massachusetts",53,43,29,36,42,42,49,0.779010913114853,0.971318458320276,1.38188223983339,1.21063646590235,1.16952341480975,1.16142052582467,1.05277130830949,2,3,6,8,9,10,13,1,2,5,5,5,5,6,0,0,0,0,0,0,1,1,1,1,3,4,5,6,5,8,17,20,20,22,26
"Louisville",54,51,60,59,51,46,39,0.768550538652708,0.83062158688543,0.744222191368944,0.818141392036804,0.975786024837568,1.06606267168376,1.3292267865649,2,4,5,7,9,10,12,2,3,3,4,5,6,8,0,1,2,2,2,2,2,0,0,0,1,2,2,2,6,10,11,13,16,17,21
"Seton Hall",55,54,51,55,56,52,48,0.757401417114486,0.811975145617627,0.900723411250909,0.890666089235268,0.900304709739432,0.995684866571404,1.05360113538309,2,4,6,7,8,9,11,1,2,3,3,3,4,5,0,1,1,1,1,1,1,1,1,2,3,4,4,5,4,6,8,10,12,14,15
"Saint Mary's (CA)",56,70,56,52,66,71,84,0.733309192440901,0.541614088697602,0.83610959750753,0.920269502447469,0.753487983796561,0.655785864739803,0.460059447512033,2,4,6,7,9,10,12,1,2,4,5,5,5,5,1,2,2,2,3,4,5,0,0,0,0,1,1,2,4,8,15,16,17,18,20
"California Baptist",57,50,69,77,76,74,83,0.717855223507078,0.848739733803156,0.605344735247666,0.49647185736118,0.599710854420245,0.599710854420245,0.49378864292754,2,4,6,7,8,8,10,1,3,3,3,4,4,4,1,1,2,3,3,3,4,0,0,1,1,1,1,2,3,8,8,9,11,11,12
"Navy",58,68,67,67,72,63,69,0.713782017158836,0.568366235993934,0.624838600251053,0.707269971454137,0.660757226772297,0.782565954999543,0.663657117633662,2,4,6,7,8,10,11,1,1,2,3,3,4,4,1,2,2,2,2,2,3,0,1,2,2,3,4,4,1,3,7,9,10,12,12
"St. John's (NY)",59,59,70,61,65,67,66,0.706100646581101,0.748550167429517,0.603799499025685,0.795856100344476,0.766961135500632,0.678122181530755,0.680506280524125,2,4,6,7,9,10,12,0,1,1,2,3,3,3,2,3,4,4,5,6,6,0,0,1,1,1,1,3,0,5,6,9,11,12,13
"Marist",60,57,50,53,61,64,80,0.68357838016798,0.763004319638503,0.900731271327728,0.90308135647831,0.812354306971624,0.767469262648197,0.516319459008477,2,3,4,6,7,9,11,1,2,3,4,4,5,5,0,0,0,1,2,3,5,1,1,1,1,1,1,1,3,5,7,9,9,13,16
"UCF",61,52,48,47,50,57,54,0.674188719008716,0.818590153822434,0.951611492721506,1.08103181823352,0.978631091449387,0.860786288916095,0.928739419974958,2,3,4,5,6,7,9,1,2,3,4,4,4,5,1,1,1,1,2,3,4,0,0,0,0,0,0,0,2,5,8,12,14,15,19
"UCLA",62,63,71,66,64,73,64,0.655300384687423,0.697247915920164,0.568008192539898,0.712958321304425,0.786241956508752,0.633199883844798,0.737066919140045,2,4,5,7,8,10,11,2,3,3,4,5,5,6,0,1,2,2,2,4,4,0,0,0,1,1,1,1,2,9,9,11,12,12,14
"Syracuse",63,47,40,27,36,36,24,0.653764131529983,0.870132116536223,1.15676031589316,1.45278831755666,1.32245578929798,1.34006381444895,1.71578543733977,2,4,6,8,9,11,13,2,3,5,7,7,8,10,0,0,0,0,1,2,2,0,1,1,1,1,1,1,3,9,11,15,15,19,27
"UNCW",64,58,54,50,53,47,70,0.646437596208512,0.75352329283461,0.848067016408737,1.04541839611729,0.95118171453391,1.06424765624692,0.652862053997457,2,3,5,7,8,9,11,0,1,2,3,3,4,4,1,1,1,1,1,1,3,1,1,2,3,4,4,4,0,2,5,7,9,10,11
"Michigan",65,78,84,84,90,91,99,0.568089042787327,0.44332375579148,0.403027883276551,0.330902341158102,0.246482412323335,0.262154573011759,0.0567426575403012,2,4,6,8,10,11,13,1,1,2,2,3,3,3,1,2,3,4,5,5,7,0,1,1,2,2,3,3,1,1,3,4,7,9,11
"San Jose St.",66,85,91,87,85,77,72,0.545548262877503,0.30346310857475,0.162174470395156,0.253753865236121,0.387191864388989,0.543232562432223,0.617677093502674,2,4,5,6,7,9,10,1,1,1,2,3,4,5,1,2,3,3,3,3,3,0,1,1,1,1,2,2,3,4,4,7,9,13,15
"Drexel",67,74,80,78,74,83,76,0.538175137143331,0.510998619551648,0.461463925180872,0.452129102523831,0.641605646019912,0.474650991801827,0.58013615711734,2,4,6,8,9,10,11,1,2,2,3,4,4,5,0,1,1,2,2,3,3,1,1,3,3,3,3,3,4,8,9,12,17,17,20
"Utah Valley",68,77,82,83,86,88,96,0.537821509128705,0.446776215739369,0.430080794781518,0.353690048711673,0.353690048711673,0.353690048711673,0.131371231411735,2,3,5,6,6,6,8,1,1,2,2,2,2,2,0,1,2,3,3,3,5,1,1,1,1,1,1,1,2,3,6,8,8,8,10
"Oakland",69,93,95,98,112,94,104,0.515812930363683,0.21290854266903,0.10311877466854,0.119394747696569,-0.131460653801158,0.11725448875396,-0.0245868143672086,2,4,6,7,8,10,11,0,0,0,0,0,2,2,2,4,5,5,6,6,7,0,0,1,2,2,2,2,1,2,4,4,4,7,7
"Portland",70,44,43,40,34,31,30,0.491898524546936,0.938326138833035,1.07486544226994,1.18222110421881,1.36792909247423,1.46463212577186,1.53282265826969,2,4,5,7,9,10,11,0,2,3,4,6,7,8,0,0,0,0,0,0,0,2,2,2,3,3,3,3,5,13,15,17,25,27,28
"Western Mich.",71,67,55,45,28,28,21,0.485433515626362,0.660941621962333,0.848059442032306,1.13488584643074,1.50626406467461,1.58710891324031,1.74133443324706,1,3,4,6,8,9,11,0,2,3,5,7,8,9,1,1,1,1,1,1,1,0,0,0,0,0,0,1,0,3,6,13,17,24,28
"Marquette",72,73,74,75,81,89,89,0.422828375388907,0.523962799252183,0.541601289296122,0.548036064324638,0.497340687668918,0.349024808938179,0.250533671668688,2,3,5,7,9,10,12,1,2,3,4,4,4,4,1,1,2,3,4,5,6,0,0,0,0,1,1,2,8,9,14,21,22,23,26
"Elon",73,89,75,73,75,60,65,0.411965348463817,0.275389831095335,0.530669376144672,0.574220080354375,0.628566649512377,0.809501068809113,0.681479894685709,2,3,5,7,8,10,12,2,2,4,5,6,7,7,0,1,1,2,2,2,3,0,0,0,0,0,1,2,5,6,9,11,13,16,16
"Monmouth",74,86,88,93,89,86,87,0.400081182874048,0.291558618445046,0.210862983329516,0.172100383236623,0.260847547224498,0.380691119168873,0.344176660264209,2,3,4,6,8,9,11,2,2,2,3,4,5,6,0,1,2,3,4,4,5,0,0,0,0,0,0,0,3,3,3,6,9,12,13
"Central Ark.",75,81,78,80,79,87,85,0.376823100920546,0.385094578466716,0.493437945531138,0.426767685138267,0.506781146951432,0.357428982839299,0.442522162154454,2,4,5,7,8,10,11,0,1,2,3,4,4,5,1,2,2,3,3,4,4,1,1,1,1,1,2,2,3,6,8,13,16,18,22
"NC State",76,83,93,101,94,92,102,0.32874483642895,0.333136701300417,0.142268406602763,0.0471057047992356,0.179718238381145,0.235885054704136,0.0305904709296783,2,3,5,6,7,9,11,2,2,2,2,3,4,4,0,0,2,3,3,4,5,0,1,1,1,1,1,2,6,7,7,7,8,10,10
"Fordham",77,64,63,68,59,58,68,0.316791097833466,0.687573531303033,0.699548694896878,0.704996807123462,0.841971380083177,0.848684414544127,0.664340030713774,2,4,6,7,9,10,12,0,2,2,2,3,3,3,1,1,1,1,1,1,2,1,1,3,4,5,6,7,1,6,8,10,14,16,19
"Cleveland St.",78,79,79,79,80,72,59,0.306097125576542,0.430737398521327,0.492474877172754,0.443678715700936,0.499541881765005,0.646856112097056,0.798484675762528,2,3,5,6,8,10,11,2,3,4,4,5,7,8,0,0,1,1,1,1,1,0,0,0,1,2,2,2,6,10,13,14,18,23,24
"UTRGV",79,97,104,92,95,115,110,0.298919020779866,0.146880004844886,0.0326977487137422,0.176009332636741,0.165267081715227,-0.163069553569282,-0.0825121512438295,2,3,4,5,6,8,10,1,1,1,2,2,2,3,0,1,2,2,2,4,4,1,1,1,1,2,2,3,4,6,6,10,10,11,14
"Duquesne",80,72,66,63,62,62,57,0.295957803500409,0.5343893943432,0.632817569510251,0.76760619037632,0.808592608397027,0.787720622299001,0.83909352231588,2,4,6,7,8,10,12,2,4,5,6,6,7,8,0,0,0,0,0,1,1,0,0,1,1,2,2,3,2,6,14,16,16,18,19
"Fairleigh Dickinson",81,84,99,115,123,114,105,0.292860370029887,0.310720053446303,0.0755933337255066,-0.186934668968619,-0.29721388694847,-0.162140530816625,-0.0281872909131811,2,4,6,7,9,10,12,1,2,2,2,3,4,5,0,1,3,4,5,5,5,1,1,1,1,1,1,2,2,4,6,7,9,11,18
"Lafayette",82,71,73,65,67,69,71,0.291456027941289,0.537650046227141,0.560159794421723,0.751859210977641,0.734416825899128,0.673869499442717,0.633780756002614,2,4,6,8,9,11,13,1,3,4,6,6,7,8,1,1,2,2,2,3,4,0,0,0,0,1,1,1,2,6,10,14,14,15,18
"Air Force",83,91,85,89,87,79,62,0.256617430976847,0.24642716417295,0.368628140884595,0.227507024241315,0.312453068057765,0.523884981440448,0.793025252095034,2,4,5,6,7,9,11,0,0,0,0,1,3,5,2,3,3,4,4,4,4,0,1,2,2,2,2,2,2,3,4,5,6,11,16
"UC Riverside",84,114,141,135,143,145,138,0.252226399651709,-0.157581019710561,-0.530444356806389,-0.479952480156163,-0.586110527277041,-0.652584579278146,-0.544393729739281,2,4,6,7,8,10,12,1,1,1,1,1,2,3,1,3,4,4,5,6,6,0,0,1,2,2,2,3,4,5,7,8,9,10,13
"Quinnipiac",85,80,81,81,77,81,73,0.250628552940329,0.392920440397481,0.450682110006705,0.424500320251096,0.582271601983388,0.502426919507283,0.609506741483301,2,4,5,7,8,10,11,1,2,3,4,5,6,7,1,1,1,2,2,3,3,0,1,1,1,1,1,1,4,9,11,17,24,28,31
"Rutgers",86,90,72,69,63,70,67,0.242620979309336,0.253555220191387,0.561508909786799,0.69488255636959,0.803029351698961,0.657759923413203,0.67757581792577,2,4,6,7,9,11,12,1,1,3,4,5,5,5,1,1,1,1,1,2,2,0,2,2,2,3,4,5,5,8,15,19,22,26,28
"Mercer",87,82,107,102,98,103,107,0.19592721359827,0.370797846504174,0.00229654574722832,0.0427831355938044,0.0843203963647439,-0.0475315644916734,-0.0494917909599597,2,4,6,8,10,12,13,1,2,2,3,4,4,4,0,0,2,2,2,3,3,1,2,2,3,4,5,6,6,10,12,16,19,20,20
"Boston College",88,106,112,108,115,118,117,0.185272602006045,-0.0135827893943312,-0.0783538146450942,-0.0645305000320082,-0.15051589345771,-0.206470313292554,-0.180615149172618,2,4,5,7,8,9,11,2,2,2,2,2,2,3,0,1,2,2,3,4,5,0,1,1,3,3,3,3,8,9,10,11,11,12,14
"VCU",89,102,94,104,106,105,101,0.13831120044292,0.0465611134532432,0.122806347901088,0.0172111475906404,-0.0512720544529456,-0.0512720544529456,0.0309624471968074,2,3,4,7,9,9,12,0,0,0,0,0,0,1,2,3,3,4,5,5,6,0,0,1,3,4,4,5,1,1,3,7,7,7,10
"UMBC",90,75,90,91,101,104,91,0.128095192237621,0.493023542048836,0.191849700592861,0.195337209402901,0.0427024575575349,-0.0490871579761819,0.235121481203468,2,4,6,8,9,10,12,2,4,4,5,5,5,7,0,0,1,2,3,4,4,0,0,1,1,1,1,1,10,16,18,22,22,22,31
"Milwaukee",91,99,106,128,134,136,134,0.123912512513483,0.116166413747205,0.0100528607735204,-0.388466150936717,-0.464129065869983,-0.513700293407836,-0.51744140306118,2,4,6,8,9,11,12,0,1,1,1,1,1,1,2,3,3,5,6,6,6,0,0,2,2,2,4,5,0,4,6,8,11,15,16
"Butler",92,92,98,106,83,76,75,0.120696832746141,0.236742380449231,0.0887603939796322,-0.00253468058298262,0.396942414412722,0.549210078647225,0.586421235294183,2,3,4,6,8,9,11,2,3,3,3,5,6,7,0,0,1,2,2,2,3,0,0,0,1,1,1,1,3,5,5,7,20,23,29
"Furman",93,96,101,90,97,102,106,0.102354334551136,0.186474998523965,0.0498609195880787,0.217512085440451,0.0987683397962014,-0.0443692797043577,-0.0481290205384554,2,3,4,6,7,9,10,1,2,2,4,4,4,4,0,0,1,1,2,3,3,1,1,1,1,1,2,3,2,4,4,9,10,11,11
"Liberty",94,105,92,103,113,113,111,0.0968031253798752,0.0150617992928134,0.15187048757591,0.0349428451719721,-0.13646782233909,-0.151361033939684,-0.0959820683861212,2,3,5,6,8,9,11,1,1,2,2,2,2,3,0,1,1,2,3,3,3,1,1,2,2,3,4,5,4,6,8,8,10,12,17
"Dayton",95,88,64,71,54,49,53,0.0800985394133225,0.279482746619069,0.673412263986375,0.627300197278255,0.927389786972797,1.02506985193815,0.936553963115243,2,3,5,6,8,9,11,2,3,5,5,7,8,8,0,0,0,0,0,0,0,0,0,0,1,1,1,3,9,14,20,21,25,29,30
"Merrimack",96,116,100,110,102,112,109,0.0696306806730564,-0.236983845552663,0.0499400191139767,-0.103813518895274,0.01541868901316,-0.107410531745253,-0.0801014162264892,2,4,6,8,9,10,11,1,1,3,3,4,4,4,1,3,3,4,4,5,5,0,0,0,1,1,1,2,4,4,9,10,12,12,13
"UIC",97,100,86,105,96,93,100,0.0641041818039449,0.0788255809909408,0.344965691379341,0.00871635550716326,0.143129263385665,0.189064326134014,0.0419276336533414,2,3,5,7,8,9,10,0,0,2,2,3,3,3,2,2,2,4,4,4,5,0,1,1,1,1,2,2,1,1,5,7,10,13,13
"UC Irvine",98,113,131,146,150,148,149,0.0365365750664776,-0.129230548568666,-0.419679006438789,-0.595484448757712,-0.665376535310975,-0.694992382188873,-0.666031107384262,2,4,6,8,9,11,13,0,0,0,0,0,1,2,2,3,5,7,8,9,10,0,1,1,1,1,1,1,0,1,4,5,5,9,10
"Villanova",99,95,97,88,84,84,86,0.0360107992980403,0.19162137378132,0.0893853820666724,0.227801256004672,0.388482000529529,0.430341251261198,0.422844867540405,2,3,4,6,7,9,11,0,1,1,2,3,4,5,1,1,2,2,2,3,4,1,1,1,2,2,2,2,1,5,5,9,13,15,17
"Siena",100,111,96,86,104,98,95,0.0317413007920141,-0.0940854665629908,0.100268441832186,0.290907113353991,-0.0103014735345519,0.072321590726412,0.165619124672642,2,4,5,6,8,10,12,2,2,3,4,4,5,6,0,1,1,1,3,3,3,0,1,1,1,1,2,3,3,4,12,14,15,17,19
"Rider",101,112,119,111,122,137,129,0.00413280591504236,-0.127753053243192,-0.24392729047081,-0.124088463136917,-0.275470476129077,-0.514658200065213,-0.414052508053137,2,3,4,6,7,8,10,0,0,0,1,1,1,2,2,3,4,4,5,6,6,0,0,0,1,1,1,2,0,1,2,6,6,6,9
"Boston U.",102,98,103,117,116,122,115,-0.0102715712951315,0.143289078008779,0.0364030099843503,-0.203215202982137,-0.182877398600017,-0.276979872258176,-0.166733881213607,2,4,5,7,8,11,12,1,2,2,2,2,2,3,0,0,1,2,2,3,3,1,2,2,3,4,6,6,2,4,5,5,5,8,10
"Xavier",103,94,83,72,78,68,61,-0.0201064076615791,0.202833994017665,0.429310670268665,0.579088852018546,0.579892366242428,0.674786197975731,0.793507383765143,2,4,6,8,9,10,12,1,3,5,6,6,7,8,0,0,0,0,0,0,0,1,1,1,2,3,3,4,2,6,10,15,15,16,18
"Southern Ind.",104,138,147,158,162,171,176,-0.0328008395753186,-0.477454121820024,-0.648682886252304,-0.803071462118313,-0.879201250189239,-1.14543156349682,-1.32353332781891,2,4,6,7,8,11,12,0,0,0,0,0,1,1,2,4,5,6,6,8,9,0,0,1,1,2,2,2,2,4,4,5,6,9,10
"Northeastern",105,103,89,95,99,116,123,-0.100556451593875,0.0438585359759918,0.193909347661444,0.143185213275997,0.0683216065349963,-0.176970322206445,-0.333020671692294,2,4,6,7,9,11,13,0,1,2,2,3,3,3,1,1,1,2,3,5,7,1,2,3,3,3,3,3,3,7,11,12,13,13,14
"Omaha",106,108,102,121,118,124,113,-0.125835893546028,-0.0319815758858743,0.042252833096988,-0.2725377668089,-0.196441514459536,-0.302757868047162,-0.138088591328526,2,4,5,7,8,9,10,1,2,3,3,4,4,5,1,1,1,3,3,4,4,0,1,1,1,1,1,1,5,8,10,12,14,14,18
"Fairfield",107,107,116,112,124,123,137,-0.143167968476417,-0.0285522255549419,-0.194055675629398,-0.140949052320151,-0.317843446641178,-0.280122614233357,-0.531114530012685,2,3,5,7,8,10,12,1,2,3,4,4,5,5,1,1,2,3,4,5,7,0,0,0,0,0,0,0,3,4,6,9,9,12,14
"Pacific",108,121,136,154,158,160,160,-0.158539874400471,-0.299585838752691,-0.506023501315655,-0.719440882899603,-0.853218054609932,-0.837358591201295,-0.889563809365033,2,4,6,8,9,10,11,1,1,1,1,1,1,1,1,2,4,6,7,7,8,0,1,1,1,1,2,2,5,6,7,10,10,10,10
"DePaul",109,101,109,96,111,121,108,-0.160199220343584,0.0759989600268012,-0.0554214844385354,0.131966053656552,-0.11216562733146,-0.214451846376179,-0.0516045341815103,2,4,5,7,8,9,11,1,2,2,3,3,3,3,0,0,1,1,2,3,3,1,2,2,3,3,3,5,2,4,5,9,9,9,10
"UC Davis",110,128,137,139,137,144,126,-0.160954644574538,-0.377634074377443,-0.514364409589856,-0.530064318586816,-0.497628931362083,-0.651670714956224,-0.366410115824123,1,3,5,7,8,10,12,0,0,0,1,1,1,3,1,3,4,5,5,6,6,0,0,1,1,2,3,3,1,2,2,6,6,7,9
"Stonehill",111,145,134,134,168,176,181,-0.174626440366073,-0.582493698653362,-0.474984119865099,-0.479194590750888,-0.985944775462014,-1.2582173825455,-1.41833827048138,1,3,4,6,8,10,11,0,0,1,2,2,2,2,1,3,3,4,6,8,9,0,0,0,0,0,0,0,3,5,6,9,11,11,13
"ETSU",112,122,132,149,135,142,127,-0.181406411835204,-0.335007228274359,-0.454982708485531,-0.623245817459999,-0.464421095976055,-0.609797123177546,-0.379779651458555,2,4,6,7,8,10,11,2,3,3,3,4,5,6,0,1,2,3,3,4,4,0,0,1,1,1,1,1,7,10,10,10,13,16,19
"UConn",113,115,125,125,132,139,144,-0.201610979743145,-0.224048811191446,-0.335776961354023,-0.317949136726375,-0.445973309038004,-0.547228173675694,-0.591137551177314,2,4,5,6,7,8,10,1,2,2,2,2,2,3,1,2,3,3,4,5,6,0,0,0,1,1,1,1,3,6,7,8,9,9,12
"William & Mary",114,131,122,113,103,101,92,-0.216835529222902,-0.387880174002739,-0.298877401754184,-0.168341991253093,-0.000666370789421833,-0.0356689491992936,0.206541981318948,2,4,6,7,9,10,12,0,0,1,2,3,3,4,1,2,2,2,2,2,2,1,2,3,3,4,5,6,4,6,8,10,13,15,17
"Army West Point",115,126,108,99,92,99,88,-0.23344271924546,-0.351817199343419,-0.026187909996381,0.115961735231281,0.22830760881862,0.0671193208709122,0.308007076031274,2,3,6,7,8,10,12,0,0,2,3,4,4,6,1,2,2,2,2,3,3,1,1,2,2,2,3,3,2,4,8,10,13,15,18
"Saint Joseph's",116,117,129,116,133,126,121,-0.238450755730491,-0.259091017379915,-0.384779459553201,-0.198208422008168,-0.449068528520374,-0.322461953625722,-0.317081866092908,1,3,5,7,9,10,13,0,0,0,1,1,2,2,1,1,2,2,4,4,5,0,2,3,4,4,4,6,0,2,2,5,6,9,9
"South Fla.",117,135,118,118,110,108,98,-0.241019916214087,-0.427263686229402,-0.241659711655365,-0.22338216502075,-0.0888081342573863,-0.0888081342573863,0.10892682827137,2,4,5,6,7,7,9,0,0,1,1,2,2,3,1,3,3,3,3,3,3,1,1,1,2,2,2,3,0,0,2,3,5,5,9
"La Salle",118,119,140,152,144,134,143,-0.242829936780548,-0.279412916877791,-0.53013640520051,-0.711042370502156,-0.608256913909279,-0.496415874722363,-0.589803050998452,2,4,6,8,9,10,13,1,1,1,1,2,3,3,1,1,3,5,5,5,6,0,2,2,2,2,2,4,5,8,8,9,11,13,16
"Stony Brook",119,109,120,141,145,152,145,-0.258834062223709,-0.0328125483089493,-0.286123849423821,-0.530470930654801,-0.610588643646119,-0.727381716877272,-0.600846642358315,2,4,6,8,9,10,11,1,3,3,3,3,3,4,1,1,3,5,6,7,7,0,0,0,0,0,0,0,4,8,8,10,10,10,12
"Virginia",120,110,87,85,82,78,78,-0.263899128120737,-0.0917511468080157,0.245618371794127,0.31625464089214,0.458236460538628,0.532373580431853,0.550720182245664,2,4,6,8,9,11,12,1,2,4,5,6,7,7,1,2,2,3,3,4,4,0,0,0,0,0,0,1,4,8,17,20,21,24,24
"Memphis",121,132,121,100,93,95,93,-0.290326025154961,-0.397618025724123,-0.296319819355393,0.0677626439160004,0.184542095510418,0.0950663165475206,0.202256298661797,2,3,4,6,8,9,11,1,1,2,4,5,5,6,0,1,1,1,1,2,2,1,1,1,1,2,2,3,6,6,7,14,18,20,22
"Davidson",122,141,135,130,117,125,132,-0.320785739586011,-0.498580804730279,-0.490452490977713,-0.418191156342873,-0.18966265241915,-0.317555921229924,-0.446445140965167,2,4,5,7,9,10,12,0,0,0,1,3,3,3,2,4,4,5,5,6,7,0,0,1,1,1,1,2,0,1,1,6,11,12,14
"Wisconsin",123,139,117,120,126,133,124,-0.334386448168057,-0.477955833283787,-0.195528843126657,-0.26609992965378,-0.372750111481504,-0.44960439714158,-0.350044813791468,1,3,5,6,7,9,11,1,1,3,3,3,3,4,0,2,2,3,4,5,5,0,0,0,0,0,1,2,5,7,13,13,13,13,16
"NJIT",124,146,142,142,139,140,147,-0.337824096931292,-0.595993201286389,-0.532426159536888,-0.533660028911821,-0.535551813446384,-0.564523967543106,-0.634896213624186,2,4,5,8,9,10,11,1,1,2,3,3,3,3,0,2,2,3,3,3,4,1,1,1,2,3,4,4,3,6,7,11,11,11,11
"UC San Diego",125,123,127,145,152,147,152,-0.378916589409826,-0.341555454772894,-0.359754719038256,-0.579169274966901,-0.702177462388149,-0.690585049773993,-0.715811455939897,2,4,6,8,9,11,13,2,3,4,4,4,5,6,0,0,1,2,3,4,5,0,1,1,2,2,2,2,5,7,8,8,8,11,13
"George Washington",126,137,146,143,138,127,128,-0.383432068743794,-0.463277882411963,-0.647145339450824,-0.559917429395508,-0.524942284110358,-0.354908651506213,-0.383179211114375,2,4,6,7,9,11,13,1,2,2,3,4,5,6,0,1,2,2,3,4,5,1,1,2,2,2,2,2,6,9,12,13,18,22,26
"FGCU",127,129,113,114,107,117,119,-0.383484786115146,-0.383484786115146,-0.0915438261540806,-0.184249699530276,-0.0622468392167435,-0.193336171055539,-0.23497270100712,2,2,4,6,7,8,9,1,1,3,3,4,4,4,0,0,0,1,1,2,2,1,1,1,2,2,2,3,1,1,6,7,9,9,9
"UAlbany",128,147,145,155,142,129,135,-0.423393106253472,-0.628535407288124,-0.581821021949674,-0.723020502576226,-0.582107532925517,-0.393004793810696,-0.521679716693408,2,4,6,8,9,10,12,0,0,1,1,2,3,3,1,3,4,5,5,5,6,1,1,1,2,2,2,3,1,2,4,8,9,12,12
"Northern Ky.",129,134,149,144,149,157,164,-0.432653499704388,-0.415901402079519,-0.666127666994802,-0.567232688914848,-0.649354852012736,-0.807242054860232,-0.982340556678739,2,4,6,8,9,10,12,1,2,2,3,3,3,3,1,2,4,4,5,6,8,0,0,0,1,1,1,1,4,11,13,17,17,17,21
"Stetson",130,136,130,124,127,128,125,-0.47485997194545,-0.430382404281351,-0.413604681861518,-0.297655526077644,-0.38060601695022,-0.371806763350729,-0.361496091630002,1,3,5,6,7,8,9,0,1,1,2,2,2,2,0,1,1,1,2,2,2,1,1,3,3,3,4,5,0,3,6,8,9,11,11
"Drake",131,143,128,119,119,110,122,-0.484231805827494,-0.536031911748275,-0.383745595195291,-0.226062230185036,-0.226062230185036,-0.0999814518559104,-0.319746586409701,1,3,5,6,6,7,9,1,1,2,3,3,4,4,0,1,1,1,1,1,2,0,1,2,2,2,2,3,1,3,6,7,7,8,9
"Cal Poly",132,172,182,179,190,185,186,-0.513143327646324,-1.03985599730902,-1.28507601799407,-1.37353491787995,-1.6706089059634,-1.47338116278358,-1.55423217968652,2,4,5,6,8,10,12,0,0,0,0,0,1,1,2,4,5,6,8,8,9,0,0,0,0,0,1,2,0,2,2,2,3,6,10
"Michigan St.",133,157,139,147,125,120,118,-0.521261814168177,-0.724381652671694,-0.529667356832594,-0.604079066695468,-0.327580596384225,-0.211484624933865,-0.182126198797484,2,4,6,7,9,10,12,1,1,2,2,3,4,5,1,3,3,4,4,4,5,0,0,1,1,2,2,2,4,4,9,10,13,14,17
"Ohio St.",134,118,110,97,100,97,90,-0.532578366787432,-0.268159982074667,-0.0662395425823053,0.119446980650369,0.0645247330018517,0.07309854682757,0.249198891356626,2,4,6,7,9,10,12,1,3,4,5,5,5,7,0,0,0,0,1,1,1,1,1,2,2,3,4,4,4,7,12,14,14,16,22
"USC Upstate",135,155,155,137,130,130,151,-0.534819184893262,-0.707121342329144,-0.781254465520234,-0.484125457460609,-0.429788883758558,-0.421460397938653,-0.71083486430426,2,3,5,7,8,9,10,0,0,0,2,2,2,2,2,3,4,4,4,4,5,0,0,1,1,2,3,3,1,2,2,8,10,10,10
"Bryant",136,127,133,138,146,158,161,-0.550183801318291,-0.374089061994497,-0.466202831178656,-0.506442644404499,-0.621286263496987,-0.809085535083896,-0.925674390904689,1,4,5,7,8,9,10,0,2,2,3,3,3,3,1,2,3,4,5,6,7,0,0,0,0,0,0,0,1,6,7,8,9,9,9
"Bellarmine",137,133,143,140,128,109,112,-0.556975224517101,-0.408864959148171,-0.552108839338565,-0.530147196450191,-0.413099777308784,-0.0950203181409579,-0.096139146513896,2,4,5,7,8,10,11,0,2,2,3,4,6,6,1,1,2,3,3,3,3,1,1,1,1,1,1,2,2,6,6,8,9,12,12
"Jacksonville",138,130,138,129,147,149,150,-0.569940641408057,-0.384781371281489,-0.519124960816321,-0.417588453004046,-0.643619578779084,-0.703190721973417,-0.700384718236674,2,4,5,7,9,10,11,1,2,2,3,3,3,3,0,1,2,2,4,5,5,1,1,1,2,2,2,3,3,9,9,13,13,13,14
"Presbyterian",139,120,115,122,109,107,116,-0.580841023191491,-0.29567634868703,-0.190829652301708,-0.285827291235662,-0.0827984432949998,-0.0827984432949998,-0.172719717986501,1,3,4,5,7,7,9,1,3,4,4,6,6,6,0,0,0,1,1,1,1,0,0,0,0,0,0,2,1,4,7,7,10,10,11
"Kansas City",140,142,154,156,141,131,140,-0.600740261295181,-0.528662526841885,-0.753485055641546,-0.738909720225196,-0.552869943644293,-0.422702648544701,-0.582709229052925,2,4,5,6,7,9,10,1,2,2,2,3,4,4,1,2,3,3,3,3,4,0,0,0,1,1,2,2,3,7,8,9,11,13,14
"Queens (NC)",141,163,158,165,174,173,166,-0.600802692273898,-0.78317783839747,-0.810583929481686,-0.924692129190035,-1.10234219722515,-1.2444648849728,-1.05944463215141,2,3,5,6,8,9,11,0,0,1,1,1,1,2,2,3,4,5,7,8,9,0,0,0,0,0,0,0,0,0,4,5,9,9,14
"Sacramento St.",142,125,114,107,114,111,130,-0.62847732791706,-0.348344102886371,-0.11379829326942,-0.0244471532862546,-0.14292921299245,-0.106148221825763,-0.424597932217431,2,4,6,8,9,11,13,1,2,4,5,5,6,6,1,1,1,1,2,3,5,0,1,1,2,2,2,2,2,7,12,15,16,19,20
"Detroit Mercy",143,150,170,168,167,169,171,-0.634003128584934,-0.679920441685074,-1.00406421257343,-0.95451673756563,-0.972809370628434,-1.11509955641746,-1.2023980518302,1,3,5,6,7,9,11,0,1,1,1,1,1,2,0,1,3,3,3,4,5,1,1,1,2,3,4,4,2,6,7,8,8,9,12
"UNLV",144,148,173,162,164,164,170,-0.651328408317168,-0.673435758782625,-1.02545008137457,-0.902089369600505,-0.92801641822941,-0.982046211736422,-1.13243538037201,1,3,5,7,8,10,12,0,0,0,1,1,1,1,0,1,3,3,3,4,5,1,2,2,3,4,5,6,0,1,1,6,8,11,13
"Niagara",145,156,160,161,166,153,153,-0.658238112251356,-0.720101618288374,-0.818047887000356,-0.890377166485107,-0.972363096902457,-0.735243966143798,-0.748377242025839,2,4,6,7,8,10,11,0,1,1,1,1,3,3,2,3,4,5,6,6,6,0,0,1,1,1,1,2,2,5,7,8,9,13,15
"Saint Peter's",146,164,161,174,172,180,182,-0.661732998541901,-0.837034594979426,-0.843011300709706,-1.0662394419523,-1.0662394419523,-1.32461520579137,-1.42826026913741,2,3,5,7,7,9,11,0,0,1,1,1,1,1,1,2,3,5,5,7,8,1,1,1,1,1,1,2,3,4,6,7,7,7,10
"SIUE",147,124,123,136,140,146,136,-0.682254401001921,-0.341800486399256,-0.317722557522876,-0.481278705661707,-0.549866262601608,-0.667871384943576,-0.524338195442584,2,4,6,7,9,10,11,0,2,3,3,3,3,4,1,1,2,3,4,5,5,1,1,1,1,2,2,2,2,9,11,11,12,12,14
"North Florida",148,162,174,175,171,163,158,-0.689268767513291,-0.765531646325059,-1.0402094373788,-1.0708569783933,-1.04620293587538,-0.907610619292053,-0.865598940103245,2,3,5,7,8,9,10,0,0,0,1,1,2,2,2,3,5,6,6,6,6,0,0,0,0,1,1,2,1,1,1,2,4,5,5
"Holy Cross",149,166,153,153,151,162,163,-0.697259633922981,-0.862603825352752,-0.749470238062786,-0.713316809667205,-0.677684242499842,-0.891189015294226,-0.969213937681987,2,4,5,7,9,12,13,0,1,2,3,4,4,4,2,3,3,4,5,6,7,0,0,0,0,0,2,2,0,5,7,11,14,16,17
"San Diego St.",150,159,126,127,121,106,114,-0.719632442631578,-0.759427172757211,-0.35786725403902,-0.382461472828483,-0.261867400780088,-0.0682136778388471,-0.1631658866326,2,4,6,8,9,11,12,0,0,2,2,3,4,4,2,3,3,4,4,5,6,0,1,1,2,2,2,2,2,4,11,11,12,15,15
"Saint Francis (PA)",151,149,164,150,159,165,159,-0.743170107363113,-0.677615976920157,-0.867760413657432,-0.6361514249475,-0.865909877518043,-1.00413623724163,-0.869110366937701,1,2,3,5,7,8,10,1,1,1,3,3,3,4,0,0,1,1,3,4,4,0,1,1,1,1,1,2,1,2,3,9,9,9,10
"UMass Lowell",152,160,166,167,165,167,174,-0.756931802702944,-0.762722689352601,-0.916168145834049,-0.953688799857391,-0.940053228652922,-1.06062952579199,-1.25784484858989,2,4,5,7,8,9,12,1,1,1,1,1,1,2,1,2,3,4,4,5,7,0,1,1,2,3,3,3,3,9,9,14,14,14,18
"Manhattan",153,165,165,166,153,132,131,-0.759121516172564,-0.842356226171768,-0.867828028643031,-0.939656016959965,-0.720444098970477,-0.448045069032055,-0.434154681805594,2,4,5,6,7,9,11,1,1,1,1,2,3,4,1,2,2,3,3,3,4,0,1,2,2,2,3,3,4,6,7,8,10,13,15
"Wright St.",154,176,175,163,157,141,133,-0.788270522636657,-1.05665328166938,-1.05922066594207,-0.910399105662573,-0.821946409061371,-0.606611036355725,-0.513485752118182,2,4,6,7,8,10,11,0,0,0,1,2,3,4,1,3,3,3,3,3,3,1,1,3,3,3,4,4,0,1,4,7,8,13,15
"South Carolina",155,154,150,126,120,119,120,-0.80829110815036,-0.70249900663707,-0.672643427243987,-0.33839318748714,-0.261768987468946,-0.211010863992981,-0.276843618717809,2,4,6,8,9,10,11,0,1,2,4,5,5,5,1,2,3,3,3,3,4,1,1,1,1,1,2,2,3,5,9,13,14,14,15
"Purdue Fort Wayne",156,173,172,185,185,186,187,-0.8466982172337,-1.0399759595282,-1.01785461123598,-1.45474215091921,-1.45214713925059,-1.48842400675471,-1.57346662432942,2,4,5,8,9,10,11,0,1,1,1,1,1,1,1,2,2,5,5,6,7,1,1,2,2,3,3,3,3,5,6,6,6,8,9
"Iona",157,158,162,160,163,151,141,-0.856631799438103,-0.751409680609563,-0.85586889027753,-0.85586889027753,-0.888574950434491,-0.718280485820773,-0.584729557049374,2,3,4,4,5,6,8,0,1,1,1,1,2,3,2,2,3,3,3,3,3,0,0,0,0,1,1,2,1,4,5,5,5,6,8
"Temple",158,170,167,173,175,175,180,-0.923883595804954,-0.967318903101414,-0.916888821608312,-1.03183544731602,-1.17124293203303,-1.254102747325,-1.4157966531007,2,4,6,7,8,9,11,1,1,2,2,2,2,2,0,1,2,3,4,5,7,1,2,2,2,2,2,2,2,5,9,9,10,11,11
"Northwestern",159,175,176,178,182,182,175,-0.955921372788243,-1.05257055203594,-1.11982872785526,-1.23712336887719,-1.42557135187151,-1.36818444490387,-1.2742529249803,2,4,6,7,9,10,11,0,0,1,1,1,1,1,1,2,3,4,6,6,6,1,2,2,2,2,3,4,3,3,5,7,9,11,12
"CSUN",160,153,159,164,160,156,157,-0.961228469860534,-0.701396961390535,-0.81293803360082,-0.918299194222176,-0.868380936655597,-0.801622024932122,-0.819653596266187,2,4,5,6,8,10,12,1,3,3,3,3,4,5,0,0,1,2,2,3,4,1,1,1,1,3,3,3,3,6,6,6,7,8,10
"California",161,167,151,148,136,143,139,-0.973840156618349,-0.901088679753999,-0.690512368404789,-0.606564309900314,-0.477453145673488,-0.616104272086621,-0.556373839064002,2,4,5,7,8,9,11,0,0,1,2,3,3,3,1,1,1,2,2,3,4,1,3,3,3,3,3,4,2,4,5,8,9,10,11
"CSU Bakersfield",162,151,157,170,173,179,178,-0.98234650701036,-0.685388496992112,-0.809977411684033,-0.995709440093825,-1.07122842809241,-1.31358028436918,-1.38783417587933,2,4,6,7,8,10,12,0,2,2,2,2,2,2,2,2,3,4,5,7,8,0,0,1,1,1,1,2,2,5,5,5,6,6,7
"Lehigh",163,178,177,151,155,166,165,-0.998656768585602,-1.12783823272881,-1.12783823272881,-0.689753007544797,-0.793119289220922,-1.01144807539745,-0.983917414897708,2,4,4,6,7,9,11,0,0,0,2,2,2,3,2,3,3,3,4,5,6,0,1,1,1,1,2,2,0,2,2,7,7,10,11
"Binghamton",164,183,184,182,179,170,169,-1.00122068592899,-1.3107938714627,-1.3086103283006,-1.4067875824332,-1.28556788484765,-1.14296607672834,-1.12505613768649,2,4,5,7,9,11,12,0,0,0,0,1,2,2,2,4,4,5,6,6,6,0,0,1,2,2,3,4,1,1,3,3,11,13,13
"Cal St. Fullerton",165,168,152,159,154,159,146,-1.05710391068811,-0.905126179361146,-0.706431654354718,-0.815963770808103,-0.792315335722541,-0.813764555907251,-0.619733709960897,1,3,5,7,9,11,13,1,2,3,3,4,5,6,0,1,1,2,3,4,4,0,0,1,2,2,2,3,3,4,10,13,15,18,21
"Central Conn. St.",166,181,187,189,193,198,199,-1.10803680624709,-1.26458336234058,-1.47444875872834,-1.61447549283516,-1.78043962859091,-1.95855617586894,-2.08402972016269,2,3,5,6,8,9,10,2,2,2,2,2,2,2,0,1,3,4,6,7,8,0,0,0,0,0,0,0,5,5,8,8,8,9,9
"Gardner-Webb",167,180,168,157,156,150,156,-1.13435235113599,-1.22297297610845,-0.973925005221166,-0.766541162019288,-0.796771857726895,-0.715797164426856,-0.793851552424308,2,3,5,7,8,9,10,1,1,3,4,4,5,5,1,2,2,2,2,2,3,0,0,0,1,2,2,2,1,2,9,11,13,15,16
"San Francisco",168,169,148,132,129,138,142,-1.15374689208226,-0.938582445360346,-0.662324791750296,-0.463858965624842,-0.421498471457414,-0.517536998473402,-0.585694305657147,2,4,6,7,9,10,11,2,3,4,5,6,6,6,0,0,0,0,1,2,3,0,1,2,2,2,2,2,5,7,14,17,19,19,19
"Green Bay",169,161,163,172,170,155,155,-1.16453162825783,-0.763562616959216,-0.862929215185205,-1.0147348540656,-1.03376407957933,-0.786101823127909,-0.778857252796206,2,4,5,6,7,10,11,1,3,3,3,3,5,5,0,0,1,2,2,2,2,1,1,1,1,2,3,4,2,6,6,7,8,13,14
"Delaware",170,186,181,186,181,184,191,-1.19174261113961,-1.38416083383458,-1.27678847753111,-1.481160934991,-1.39073143772486,-1.45043107828558,-1.67741359004055,2,4,6,8,9,10,12,1,1,2,2,2,2,2,1,2,3,5,5,6,8,0,1,1,1,2,2,2,2,3,6,6,8,9,12
"Col. of Charleston",171,174,171,171,169,161,162,-1.24711490831219,-1.04395992887842,-1.00778116362558,-1.00451887133879,-1.01851748437583,-0.839481076610995,-0.945480856255735,2,3,4,6,8,10,12,0,1,1,2,3,4,4,1,1,1,2,3,3,4,1,1,2,2,2,3,4,1,3,4,8,11,15,15
"Winthrop",172,188,194,196,197,201,200,-1.26097696656223,-1.46292429785544,-1.7060530776915,-1.85692604903902,-1.95614779685742,-2.13212126347383,-2.12034816046668,1,3,5,7,8,10,12,0,0,0,0,0,0,1,1,3,5,7,8,10,11,0,0,0,0,0,0,0,2,4,6,6,7,8,9
"Old Dominion",173,184,156,133,131,135,148,-1.27138441289368,-1.32402555949711,-0.79097549323508,-0.465671860609331,-0.432166749230404,-0.505540756426609,-0.63597042926994,2,3,5,7,8,9,10,1,1,2,4,4,4,4,1,2,2,2,2,3,4,0,0,1,1,2,2,2,1,1,3,11,11,11,11
"Longwood",174,179,178,184,183,183,195,-1.31815040403607,-1.15427789896872,-1.19809485661917,-1.45405216681837,-1.42863818343827,-1.42863818343827,-1.8127073872045,1,3,5,7,8,8,10,0,1,1,1,1,1,1,1,1,2,4,4,4,6,0,1,2,2,3,3,3,0,4,5,6,7,7,8
"St. Thomas (MN)",175,185,188,195,192,193,188,-1.31968151247374,-1.3748429758601,-1.48082027918116,-1.82027807247501,-1.74062360160134,-1.74062360160134,-1.60812763226528,2,4,5,7,10,10,11,0,1,1,1,2,2,2,2,3,4,6,7,7,7,0,0,0,0,1,1,2,2,5,5,7,12,12,12
"Bradley",176,187,186,181,187,189,179,-1.35676823428356,-1.40077558260737,-1.35193268430701,-1.40456508689338,-1.55131528443116,-1.63002563014352,-1.40856910175473,2,4,6,7,8,9,12,1,1,2,2,2,2,3,1,2,3,4,5,6,6,0,1,1,1,1,1,3,4,6,8,9,9,9,11
"Wofford",177,171,179,183,180,178,185,-1.37424358974191,-1.03670583203119,-1.23372429478337,-1.43278889310644,-1.34397696255766,-1.30703739176596,-1.54558118538853,2,4,6,8,9,10,11,0,2,2,2,3,3,3,2,2,4,5,5,5,6,0,0,0,1,1,2,2,0,5,7,11,15,15,15
"St. Bonaventure",178,177,183,187,188,191,193,-1.38622809707559,-1.12543842420984,-1.2912910498403,-1.50288429091733,-1.55509120304686,-1.66779280523007,-1.73472099685158,2,4,6,7,9,10,12,0,2,2,2,3,3,3,2,2,3,4,5,6,7,0,0,1,1,1,1,2,0,4,5,6,8,9,10
"Gonzaga",179,190,189,176,176,181,177,-1.40490690846915,-1.55954564681983,-1.50094689865597,-1.17703072288913,-1.21939959056264,-1.36157932035822,-1.34762884113548,2,4,6,8,10,11,12,0,0,1,3,4,4,4,2,4,5,5,6,7,7,0,0,0,0,0,0,1,1,2,6,10,13,13,15
"Evansville",180,182,180,177,177,168,168,-1.45615548934566,-1.27318564895035,-1.23789219094954,-1.2024312783164,-1.24891719038348,-1.0758050753869,-1.1136174814166,2,3,4,6,7,8,11,1,2,2,3,3,4,4,0,0,0,1,2,2,3,1,1,2,2,2,2,4,5,8,8,11,14,16,16
"Bucknell",181,191,195,199,200,199,201,-1.5684414234413,-1.56686832484044,-1.77568533763819,-1.99249544855828,-2.09202938891879,-2.07840982186896,-2.20020920579392,2,4,5,7,8,11,12,0,1,1,1,1,2,2,2,3,4,6,7,9,10,0,0,0,0,0,0,0,1,3,4,5,6,9,9
"UIW",182,198,202,203,205,206,207,-1.56948031199426,-1.90641150199085,-2.14375373018723,-2.14375373018723,-2.40478346917908,-2.53928338421693,-2.664207817645,2,4,6,6,8,9,11,0,0,0,0,0,0,0,2,4,6,6,8,9,11,0,0,0,0,0,0,0,0,2,2,2,3,3,5
"Robert Morris",183,195,191,180,178,190,189,-1.58040011974707,-1.76204368703787,-1.64411829114682,-1.38506172612491,-1.26346028158722,-1.63034259087208,-1.63034259087208,1,3,4,5,7,10,10,0,0,1,2,3,3,3,1,3,3,3,3,6,6,0,0,0,0,1,1,1,0,1,3,8,9,11,11
"Howard",184,193,197,191,199,197,192,-1.60404185528651,-1.67980561329531,-1.80847314096599,-1.73929935397414,-2.0715293174831,-1.94822474620748,-1.70893301338438,2,3,4,5,7,9,10,0,0,0,1,1,2,2,2,3,4,4,6,7,7,0,0,0,0,0,0,1,0,0,0,4,4,6,8
"UAB",185,194,198,201,201,196,197,-1.68266658310359,-1.7323358945758,-1.92086919580838,-2.07841379996591,-2.14308883288823,-1.92946015609263,-1.91081071198388,2,3,5,7,8,9,11,2,2,2,2,2,2,2,0,1,3,5,6,6,7,0,0,0,0,0,1,2,5,5,5,7,7,7,9
"Utah Tech",186,196,192,192,191,192,190,-1.7157117142201,-1.76735313665169,-1.67513600870053,-1.7723993617059,-1.73857396134219,-1.71034785152566,-1.64453036276687,2,3,5,6,8,10,12,0,0,1,1,2,3,3,2,3,4,5,6,7,7,0,0,0,0,0,0,2,1,1,2,2,3,5,7
"Hartford",187,199,209,211,211,211,211,-1.78020014104425,-1.91615039746365,-2.34391659994621,-2.70220697974881,-2.91119067812139,-2.91119067812139,-3.23175126151805,2,3,5,8,9,9,11,0,0,0,0,0,0,0,2,3,5,8,9,9,11,0,0,0,0,0,0,0,0,0,0,4,5,5,6
"Sacred Heart",188,192,190,194,196,195,196,-1.84018378464007,-1.62226312760427,-1.53804496766318,-1.80488894596816,-1.94806233303564,-1.86888412791405,-1.86888412791405,2,3,5,7,8,10,10,0,1,2,2,2,3,3,2,2,3,5,6,7,7,0,0,0,0,0,0,0,0,2,4,4,4,5,5
"San Diego",189,204,196,190,184,177,172,-2.09102816618908,-2.18948979876562,-1.79663364503981,-1.71264007833504,-1.43615388796,-1.27696010270825,-1.20406592926902,2,4,6,8,10,11,12,0,0,1,1,2,3,3,2,3,3,3,3,3,3,0,1,2,4,5,5,6,0,1,4,6,12,13,14
"Radford",190,201,203,204,207,207,198,-2.09860048987544,-1.99377829812039,-2.20432132362302,-2.24048439925399,-2.50928640734219,-2.5818522767917,-2.06476052111449,2,3,4,6,8,9,11,0,0,0,1,1,1,3,2,2,3,4,6,7,7,0,1,1,1,1,1,1,1,1,2,4,4,5,9
"Houston Christian",191,197,201,193,189,174,173,-2.15394210749006,-1.89006992786072,-2.07518146146383,-1.78867445785259,-1.61205558836331,-1.24836352447072,-1.24582194217944,2,4,6,7,8,10,12,0,1,1,2,3,4,4,1,1,3,3,3,3,3,1,2,2,2,2,3,5,2,7,9,15,17,20,22
"IUPUI",192,200,199,200,198,200,202,-2.16640815860157,-1.96771561844953,-2.00283827964034,-2.05908575677294,-2.04112812381637,-2.11555538035551,-2.22125109626808,1,3,5,6,7,9,10,0,1,1,1,1,1,1,1,1,2,3,3,4,5,0,1,2,2,3,4,4,1,9,11,12,12,14,15
"Chicago St.",193,210,211,207,206,204,206,-2.19125974030385,-2.39581076462938,-2.62280475746015,-2.41677174842187,-2.41808458140234,-2.48728133222362,-2.6585767504654,2,4,6,7,9,10,12,0,0,0,1,1,1,1,0,2,4,4,5,6,8,2,2,2,2,3,3,3,3,5,6,10,11,12,13
"Eastern Ill.",194,203,205,209,210,210,210,-2.22795992778068,-2.16906775531451,-2.29351775470606,-2.59301340915053,-2.77233194756062,-2.90308729449154,-2.97461149317216,2,4,5,6,7,8,11,0,1,1,1,1,1,1,1,2,3,4,5,6,7,1,1,1,1,1,1,3,2,4,4,4,4,6,9
"Ga. Southern",195,209,208,208,208,208,209,-2.24332694567165,-2.36818707896296,-2.31698665974873,-2.51249517890905,-2.65007549173928,-2.69269359627769,-2.72237236593826,2,3,5,7,9,10,11,0,0,1,1,1,1,1,2,3,4,6,8,9,10,0,0,0,0,0,0,0,3,3,4,6,6,8,8
"UNC Asheville",196,208,210,210,209,209,208,-2.26448405232178,-2.36799772491727,-2.57014325584879,-2.62701134193629,-2.76923533738653,-2.76923533738653,-2.70840610442302,2,4,6,8,10,10,12,1,1,1,1,1,1,1,1,3,5,6,7,7,8,0,0,0,1,2,2,3,6,8,9,11,13,13,15
"Colgate",197,202,200,197,194,187,184,-2.34696630822816,-2.15944446108155,-2.03631621349693,-1.86716017889955,-1.81873800172743,-1.54802776033739,-1.46040005512471,2,3,5,7,8,10,12,1,2,3,4,4,5,6,0,0,1,2,2,2,3,1,1,1,1,2,3,3,4,5,8,11,12,15,16
"George Mason",198,211,206,202,203,203,205,-2.38626839254977,-2.50936936835961,-2.29718756917545,-2.13085908305772,-2.36573330030333,-2.46190873209878,-2.50012354522266,1,3,4,6,8,9,11,0,0,1,2,2,2,2,1,3,3,4,6,7,8,0,0,0,0,0,0,1,0,2,5,8,8,8,8
"Mount St. Mary's",199,206,193,198,195,194,194,-2.39752658826554,-2.25404405757116,-1.70037772024128,-1.88301390393991,-1.88301390393991,-1.86194507914514,-1.78065102025067,2,4,6,7,7,9,11,1,2,4,4,4,5,6,1,2,2,3,3,4,4,0,0,0,0,0,0,1,4,7,11,11,11,13,19
"Canisius",200,205,204,205,202,205,204,-2.58404619963946,-2.23941862995397,-2.21360349521217,-2.27340992838227,-2.27340992838227,-2.49541090601902,-2.42398245249693,2,4,5,7,7,9,11,0,1,1,1,1,1,1,2,2,2,3,3,5,5,0,1,2,3,3,3,5,0,1,2,2,2,3,3
"VMI",201,212,212,212,212,212,212,-3.81242550994308,-4.08805775326339,-4.20404744411062,-4.4347080515453,-4.4347080515453,-4.49300633016858,-4.56654613106701,1,4,5,7,7,8,10,0,0,0,0,0,0,0,0,3,4,6,6,7,9,1,1,1,1,1,1,1,2,3,3,6,6,6,6
"Cornell",NA,32,33,25,21,20,23,NA,1.27945173738255,1.31847463524522,1.497410203661,1.6008359479159,1.85502253563469,1.72136291711194,NA,2,4,6,7,9,11,NA,2,3,5,6,8,9,NA,0,1,1,1,1,2,NA,0,0,0,0,0,0,NA,3,6,16,17,22,24
"Princeton",NA,45,45,51,47,43,52,NA,0.928831681191168,1.02373211283586,0.995439629186169,1.03260843771318,1.14324218928348,0.957328963521926,NA,2,3,5,7,8,9,NA,0,1,2,3,4,4,NA,1,1,2,3,3,4,NA,1,1,1,1,1,1,NA,1,3,6,10,11,12
"Harvard",NA,55,76,70,68,66,74,NA,0.792510775234922,0.52767090097616,0.682052069825958,0.705634264334021,0.728503795150179,0.590862823696984,NA,2,4,6,8,10,11,NA,2,2,3,4,5,5,NA,0,2,2,3,4,4,NA,0,0,1,1,1,2,NA,4,7,11,18,21,22
"Yale",NA,76,52,46,43,54,40,NA,0.482371962608883,0.879245464642558,1.09979984368409,1.12870518190316,0.927924316108183,1.26642161054676,NA,2,4,6,7,8,10,NA,0,2,4,4,4,6,NA,0,0,0,0,1,1,NA,2,2,2,3,3,3,NA,3,6,12,13,14,20
"Fla. Atlantic",NA,87,105,109,105,96,103,NA,0.29093434708606,0.0245199305998863,-0.0923368345077046,-0.0367660757614943,0.0787372283699018,-0.0103508110860755,NA,2,4,6,7,8,10,NA,1,1,1,2,3,3,NA,1,3,4,4,4,5,NA,0,0,1,1,1,2,NA,2,2,3,4,6,8
"Penn",NA,104,111,82,71,55,42,NA,0.0329077346289049,-0.0686471707747085,0.405036682979571,0.671923843832263,0.887494334580826,1.21105240990417,NA,2,4,6,7,8,10,NA,1,2,4,5,6,8,NA,0,1,1,1,1,1,NA,1,1,1,1,1,1,NA,3,7,18,21,23,28
"Lindenwood",NA,140,144,131,161,172,167,NA,-0.493078817496366,-0.568465581318108,-0.427499360256686,-0.876546103937959,-1.1757654224013,-1.07219741029265,NA,2,4,5,7,9,10,NA,0,0,1,1,1,2,NA,2,3,3,5,7,7,NA,0,1,1,1,1,1,NA,0,2,4,5,7,9
"Brown",NA,144,124,123,108,100,97,NA,-0.554030003537016,-0.330777962700897,-0.293878160365595,-0.0773575021816605,0.015532264159551,0.111249142147237,NA,1,2,4,6,8,10,NA,0,1,2,4,5,6,NA,1,1,2,2,2,3,NA,0,0,0,0,1,1,NA,1,2,7,10,11,13
"Dartmouth",NA,152,169,169,148,154,154,NA,-0.696623776026795,-0.999007627307544,-0.98593168819642,-0.648433949041812,-0.751883761175614,-0.755626242483327,NA,2,4,5,6,8,10,NA,1,1,1,2,2,3,NA,0,2,2,2,3,4,NA,1,1,2,2,3,3,NA,1,2,3,9,9,12
"Columbia",NA,189,185,188,186,188,183,NA,-1.48071112978796,-1.32646090448288,-1.56491336933219,-1.54544182707768,-1.59167897822101,-1.45220422980171,NA,2,4,6,7,9,10,NA,0,1,1,1,1,1,NA,2,2,4,4,5,5,NA,0,1,1,2,3,4,NA,2,4,4,4,5,6
"Western Ill.",NA,207,207,206,204,202,203,NA,-2.30117123460626,-2.3045942194471,-2.30949743468968,-2.392105077699,-2.38529531595047,-2.41530785598263,NA,2,4,6,7,9,10,NA,0,0,0,0,0,0,NA,1,2,3,4,5,5,NA,1,2,3,3,4,5,NA,4,5,6,6,7,8
